{
  "incumbent_ids": [
    1,
    3
  ],
  "rejected_config_ids": [],
  "incumbents_changed": 2,
  "trajectory": [
    {
      "config_ids": [
        1
      ],
      "costs": [
        [
          0.4071093537826266,
          0.8162457710212795
        ]
      ],
      "trial": 1,
      "walltime": 3.9506471157073975
    },
    {
      "config_ids": [
        1,
        3
      ],
      "costs": [
        [
          0.4071093537826266,
          0.8162457710212795
        ],
        [
          0.39415742822265964,
          0.8420481726507371
        ]
      ],
      "trial": 3,
      "walltime": 7.50107479095459
    }
  ],
  "state": {
    "queue": [
      [
        5,
        1
      ]
    ]
  }
}