{
  "stats": {
    "submitted": 20,
    "finished": 20,
    "running": 0
  },
  "data": [
    [
      1,
      null,
      209652396,
      null,
      [
        0.01828174155399831,
        0.032191780821917475
      ],
      6.125630140304565,
      1,
      1707470697.5952342,
      1707470703.721536,
      {}
    ],
    [
      2,
      null,
      209652396,
      null,
      [
        0.09949531188276617,
        0.2012345679012349
      ],
      0.11332416534423828,
      1,
      1707470703.723378,
      1707470703.837307,
      {}
    ],
    [
      3,
      null,
      209652396,
      null,
      [
        0.07056835681471585,
        0.030808080808080476
      ],
      9.505228996276855,
      1,
      1707470703.839136,
      1707470713.345026,
      {}
    ],
    [
      4,
      null,
      209652396,
      null,
      [
        0.12062351814241573,
        0.09284116331096232
      ],
      30.342913150787354,
      1,
      1707470713.3478909,
      1707470743.6915488,
      {}
    ],
    [
      5,
      null,
      209652396,
      null,
      [
        0.10837305619644877,
        0.031685886875342885
      ],
      79.80581378936768,
      1,
      1707470743.6943629,
      1707470823.500921,
      {}
    ],
    [
      6,
      null,
      209652396,
      null,
      [
        0.027478173104138248,
        0.03227176220806761
      ],
      5.13416600227356,
      1,
      1707470823.7893171,
      1707470828.924108,
      {}
    ],
    [
      7,
      null,
      209652396,
      null,
      [
        0.02456934825727669,
        0.20495587236931467
      ],
      0.7246842384338379,
      1,
      1707470828.9270241,
      1707470829.652381,
      {}
    ],
    [
      8,
      null,
      209652396,
      null,
      [
        0.05127049829604147,
        0.09915878023133579
      ],
      0.28879714012145996,
      1,
      1707470829.655499,
      1707470829.944958,
      {}
    ],
    [
      9,
      null,
      209652396,
      null,
      [
        0.009264961934407512,
        0.2093281148075672
      ],
      0.7613379955291748,
      1,
      1707470829.947768,
      1707470830.709732,
      {}
    ],
    [
      10,
      null,
      209652396,
      null,
      [
        0.006108561446202532,
        0.031086142322097044
      ],
      2.4120278358459473,
      1,
      1707470830.713183,
      1707470833.125869,
      {}
    ],
    [
      11,
      null,
      209652396,
      null,
      [
        0.0826676958163921,
        0.11072555205047352
      ],
      0.38373613357543945,
      1,
      1707470833.129363,
      1707470833.513757,
      {}
    ],
    [
      12,
      null,
      209652396,
      null,
      [
        0.08160528197367395,
        0.10392156862745133
      ],
      0.1569499969482422,
      1,
      1707470833.5172212,
      1707470833.674795,
      {}
    ],
    [
      13,
      null,
      209652396,
      null,
      [
        0.013423891747404437,
        0.10171489817792104
      ],
      0.13294315338134766,
      1,
      1707470833.6779919,
      1707470833.811546,
      {}
    ],
    [
      14,
      null,
      209652396,
      null,
      [
        0.01641482832925578,
        0.03215269578905909
      ],
      7.841231107711792,
      1,
      1707470834.3949509,
      1707470842.236789,
      {}
    ],
    [
      15,
      null,
      209652396,
      null,
      [
        0.06503886895993022,
        0.029931972789115312
      ],
      4.27828311920166,
      1,
      1707470842.240247,
      1707470846.519207,
      {}
    ],
    [
      16,
      null,
      209652396,
      null,
      [
        0.03590003347888848,
        0.031249999999999667
      ],
      6.098568916320801,
      1,
      1707470846.523133,
      1707470852.622365,
      {}
    ],
    [
      17,
      null,
      209652396,
      null,
      [
        0.10894304717118408,
        0.03218390804597668
      ],
      1.1113221645355225,
      1,
      1707470852.626076,
      1707470853.738046,
      {}
    ],
    [
      18,
      null,
      209652396,
      null,
      [
        0.06999719875370802,
        0.08855395369156871
      ],
      0.6500349044799805,
      1,
      1707470853.741825,
      1707470854.3925052,
      {}
    ],
    [
      19,
      null,
      209652396,
      null,
      [
        0.0656113645827403,
        0.027519379844960907
      ],
      1.5757639408111572,
      1,
      1707470854.3962848,
      1707470855.9727051,
      {}
    ],
    [
      20,
      null,
      209652396,
      null,
      [
        0.032744470231111655,
        0.006306306306305971
      ],
      0.410189151763916,
      1,
      1707470855.977191,
      1707470856.387994,
      {}
    ]
  ],
  "configs": {
    "1": {
      "choice": 0.27420973585918546,
      "duplicate": 0,
      "loop": 0.6243590484932066,
      "lt_dependency": 0.11643280289135872,
      "mode": 35,
      "num_traces": 876,
      "or": 0,
      "parallel": 0.5005605065450072,
      "sequence": 0.9603757594153285,
      "silent": 0.9968127990048379
    },
    "2": {
      "choice": 0.7756838992610574,
      "duplicate": 0,
      "loop": 0.04211317901499569,
      "lt_dependency": 0.5104543915577233,
      "mode": 100,
      "num_traces": 324,
      "or": 0,
      "parallel": 0.5131619844958186,
      "sequence": 0.2709401994291693,
      "silent": 0.17004768340848386
    },
    "3": {
      "choice": 0.6535194861143827,
      "duplicate": 0,
      "loop": 0.9576082275714726,
      "lt_dependency": 0.32692241824232043,
      "mode": 70,
      "num_traces": 396,
      "or": 0,
      "parallel": 0.7672931762319058,
      "sequence": 0.6588770150579513,
      "silent": 0.4562873648200184
    },
    "4": {
      "choice": 0.16388946956023576,
      "duplicate": 0,
      "loop": 0.39516660073772075,
      "lt_dependency": 0.7955099861510098,
      "mode": 134,
      "num_traces": 745,
      "or": 0,
      "parallel": 0.25395125332288443,
      "sequence": 0.07748097266070544,
      "silent": 0.6486980180162937
    },
    "5": {
      "choice": 0.04490061519667506,
      "duplicate": 0,
      "loop": 0.8006045478861779,
      "lt_dependency": 0.6931793973967433,
      "mode": 115,
      "num_traces": 607,
      "or": 0,
      "parallel": 0.2829401990491897,
      "sequence": 0.520932387933135,
      "silent": 0.3123690354358405
    },
    "6": {
      "choice": 0.35613646931633675,
      "duplicate": 0,
      "loop": 0.6573238311635986,
      "lt_dependency": 0.11643280289135872,
      "mode": 33,
      "num_traces": 942,
      "or": 0,
      "parallel": 0.48367008079406026,
      "sequence": 0.8080102252384517,
      "silent": 0.9968127990048379
    },
    "7": {
      "choice": 0.5533253688880515,
      "duplicate": 0,
      "loop": 0.942749432071135,
      "lt_dependency": 0.061304671636036145,
      "mode": 22,
      "num_traces": 491,
      "or": 0,
      "parallel": 0.24277790877258937,
      "sequence": 0.322274067414942,
      "silent": 0.6528063081039782
    },
    "8": {
      "choice": 0.43755519598159576,
      "duplicate": 0,
      "loop": 0.08032569761590806,
      "lt_dependency": 0.297308437452102,
      "mode": 34,
      "num_traces": 951,
      "or": 0,
      "parallel": 0.07376501497563671,
      "sequence": 0.21678798853388634,
      "silent": 0.7337577165202412
    },
    "9": {
      "choice": 0.5533253688880515,
      "duplicate": 0,
      "loop": 0.964026132896019,
      "lt_dependency": 0.03001621346592246,
      "mode": 22,
      "num_traces": 511,
      "or": 0,
      "parallel": 0.36591282156804816,
      "sequence": 0.322274067414942,
      "silent": 0.6565772422107444
    },
    "10": {
      "choice": 0.6535194861143827,
      "duplicate": 0,
      "loop": 0.786985308199966,
      "lt_dependency": 0.26518696054463414,
      "mode": 54,
      "num_traces": 445,
      "or": 0,
      "parallel": 0.7650922940017183,
      "sequence": 0.672460164683568,
      "silent": 0.4562873648200184
    },