{
  "incumbent_ids": [
    1,
    2,
    5
  ],
  "rejected_config_ids": [],
  "incumbents_changed": 3,
  "trajectory": [
    {
      "config_ids": [
        1
      ],
      "costs": [
        [
          0.07995312301715463,
          0.008463570220707475
        ]
      ],
      "trial": 1,
      "walltime": 11.336411952972412
    },
    {
      "config_ids": [
        1,
        2
      ],
      "costs": [
        [
          0.07995312301715463,
          0.008463570220707475
        ],
        [
          0.031055483149948215,
          0.21976550663850639
        ]
      ],
      "trial": 2,
      "walltime": 11.721562147140503
    },
    {
      "config_ids": [
        1,
        2,
        5
      ],
      "costs": [
        [
          0.07995312301715463,
          0.008463570220707475
        ],
        [
          0.031055483149948215,
          0.21976550663850639
        ],
        [
          0.14967995195038575,
          0.0009844330769505864
        ]
      ],
      "trial": 5,
      "walltime": 23.52878999710083
    }
  ],
  "state": {
    "queue": [
      [
        5,
        1
      ]
    ]
  }
}