{
  "stats": {
    "submitted": 5,
    "finished": 5,
    "running": 0
  },
  "data": [
    [
      1,
      null,
      209652396,
      null,
      [
        0.07995312301715463,
        0.008463570220707475
      ],
      11.334363222122192,
      1,
      1707683890.9521532,
      1707683902.2873018,
      {}
    ],
    [
      2,
      null,
      209652396,
      null,
      [
        0.031055483149948215,
        0.21976550663850639
      ],
      0.23279213905334473,
      1,
      1707683902.438878,
      1707683902.67238,
      {}
    ],
    [
      3,
      null,
      209652396,
      null,
      [
        0.10432399437219103,
        0.018172655045654774
      ],
      4.198278903961182,
      1,
      1707683902.67501,
      1707683906.874086,
      {}
    ],
    [
      4,
      null,
      209652396,
      null,
      [
        0.17010072934155013,
        0.020882682145925778
      ],
      7.0262651443481445,
      1,
      1707683906.876895,
      1707683913.903935,
      {}
    ],
    [
      5,
      null,
      209652396,
      null,
      [
        0.14967995195038575,
        0.0009844330769505864
      ],
      0.5715117454528809,
      1,
      1707683913.907084,
      1707683914.47936,
      {}
    ]
  ],
  "configs": {
    "1": {
      "choice": 0.27420973585918546,
      "duplicate": 0,
      "loop": 0.6243590484932066,
      "lt_dependency": 0.11643280289135872,
      "mode": 46,
      "num_traces": 876,
      "or": 0,
      "parallel": 0.5005605065450072,
      "sequence": 0.9603757594153285,
      "silent": 0.9968127990048379
    },
    "2": {
      "choice": 0.892855270774259,
      "duplicate": 0,
      "loop": 0.09625800670452529,
      "lt_dependency": 0.7827238845235909,
      "mode": 156,
      "num_traces": 715,
      "or": 0,
      "parallel": 0.1376370346783048,
      "sequence": 0.1696964227061463,
      "silent": 0.14680112183512767
    },
    "3": {
      "choice": 0.7180374727086953,
      "duplicate": 0,
      "loop": 0.38960710363751994,
      "lt_dependency": 0.8342936470924586,
      "mode": 130,
      "num_traces": 612,
      "or": 0,
      "parallel": 0.442661634261348,
      "sequence": 0.3700736632331964,
      "silent": 0.2607586865143843
    },
    "4": {
      "choice": 0.6494351719359895,
      "duplicate": 0,
      "loop": 0.9263406719097345,
      "lt_dependency": 0.8011669785745563,
      "mode": 86,
      "num_traces": 656,
      "or": 0,
      "parallel": 0.6739314909219778,
      "sequence": 0.11102436264054778,
      "silent": 0.11927138975266208
    },
    "5": {
      "choice": 0.6067357423109274,
      "duplicate": 0,
      "loop": 0.7938077877018379,
      "lt_dependency": 0.780375183440352,
      "mode": 33,
      "num_traces": 116,
      "or": 0,
      "parallel": 0.7006548839679922,
      "sequence": 0.5744948027137008,
      "silent": 0.47164766512774325
    }
  },
  "config_origins": {
    "1": "Initial Design: Sobol",
    "2": "Acquisition Function Maximizer: Random Search (sorted)",
    "3": "Acquisition Function Maximizer: Random Search (sorted)",
    "4": "Acquisition Function Maximizer: Random Search (sorted)",
    "5": "Acquisition Function Maximizer: Random Search (sorted)"
  }
}