{
  "incumbent_ids": [
    1
  ],
  "rejected_config_ids": [],
  "incumbents_changed": 1,
  "trajectory": [
    {
      "config_ids": [
        1
      ],
      "costs": [
        [
          0.02061929223744291,
          0.23346243808996925
        ]
      ],
      "trial": 1,
      "walltime": 1.3827388286590576
    }
  ],
  "state": {
    "queue": [
      [
        5,
        1
      ]
    ]
  }
}