{
  "incumbent_ids": [
    1,
    2
  ],
  "rejected_config_ids": [],
  "incumbents_changed": 2,
  "trajectory": [
    {
      "config_ids": [
        1
      ],
      "costs": [
        [
          0.016245771021279484,
          0.3212328767123288
        ]
      ],
      "trial": 1,
      "walltime": 110.85359168052673
    },
    {
      "config_ids": [
        1,
        2
      ],
      "costs": [
        [
          0.016245771021279484,
          0.3212328767123288
        ],
        [
          0.08625649879549108,
          0.06013986013986011
        ]
      ],
      "trial": 2,
      "walltime": 119.94634199142456
    }
  ],
  "state": {
    "queue": [
      [
        2,
        1
      ]
    ]
  }
}