{
  "incumbent_ids": [
    1,
    10
  ],
  "rejected_config_ids": [],
  "incumbents_changed": 2,
  "trajectory": [
    {
      "config_ids": [
        1
      ],
      "costs": [
        [
          0.011709546236355006,
          0.006180465197876425
        ]
      ],
      "trial": 1,
      "walltime": 1.8961970806121826
    },
    {
      "config_ids": [
        1,
        10
      ],
      "costs": [
        [
          0.011709546236355006,
          0.006180465197876425
        ],
        [
          0.0023168737880427948,
          0.033447714841262514
        ]
      ],
      "trial": 10,
      "walltime": 5.390108108520508
    }
  ],
  "state": {
    "queue": [
      [
        20,
        1
      ]
    ]
  }
}