{
  "incumbent_ids": [
    1
  ],
  "rejected_config_ids": [],
  "incumbents_changed": 1,
  "trajectory": [
    {
      "config_ids": [
        1
      ],
      "costs": [
        [
          0.41624577102127946,
          0.1837442922374429
        ]
      ],
      "trial": 1,
      "walltime": 1.4388470649719238
    }
  ],
  "state": {
    "queue": [
      [
        5,
        1
      ]
    ]
  }
}