{
  "incumbent_ids": [
    1
  ],
  "rejected_config_ids": [],
  "incumbents_changed": 1,
  "trajectory": [
    {
      "config_ids": [
        1
      ],
      "costs": [
        [
          0.5512372143908459,
          0.04790279434135227
        ]
      ],
      "trial": 1,
      "walltime": 7.600264072418213
    }
  ],
  "state": {
    "queue": [
      [
        3,
        1
      ]
    ]
  }
}