{
  "stats": {
    "submitted": 3,
    "finished": 3,
    "running": 0
  },
  "data": [
    [
      1,
      null,
      209652396,
      null,
      [
        0.5512372143908459,
        0.04790279434135227
      ],
      7.5978686809539795,
      1,
      1708688631.143475,
      1708688638.742203,
      {}
    ],
    [
      2,
      null,
      209652396,
      null,
      [
        0.5512372143908459,
        0.04790279434135227
      ],
      0.19582104682922363,
      1,
      1708688638.8951612,
      1708688639.091681,
      {}
    ],
    [
      3,
      null,
      209652396,
      null,
      [
        0.5512372143908459,
        0.04790279434135227
      ],
      0.36986708641052246,
      1,
      1708688639.0937018,
      1708688639.464266,
      {}
    ]
  ],
  "configs": {
    "1": {
      "choice": 0.27420973585918546,
      "duplicate": 0,
      "loop": 0.6243590484932066,
      "lt_dependency": 0.11643280289135872,
      "mode": 8,
      "num_traces": 8616,
      "or": 0,
      "parallel": 0.5005605065450072,
      "sequence": 0.9603757594153285,
      "silent": 0.9968127990048379
    },
    "2": {
      "choice": 0.892855270774259,
      "duplicate": 0,
      "loop": 0.09625800670452529,
      "lt_dependency": 0.7827238845235909,
      "mode": 17,
      "num_traces": 6822,
      "or": 0,
      "parallel": 0.1376370346783048,
      "sequence": 0.1696964227061463,
      "silent": 0.14680112183512767
    },
    "3": {
      "choice": 0.7180374727086953,
      "duplicate": 0,
      "loop": 0.38960710363751994,
      "lt_dependency": 0.8342936470924586,
      "mode": 15,
      "num_traces": 5689,
      "or": 0,
      "parallel": 0.442661634261348,
      "sequence": 0.3700736632331964,
      "silent": 0.2607586865143843
    }
  },
  "config_origins": {
    "1": "Initial Design: Sobol",
    "2": "Acquisition Function Maximizer: Random Search (sorted)",
    "3": "Acquisition Function Maximizer: Random Search (sorted)"
  }
}