{
  "incumbent_ids": [
    1,
    2
  ],
  "rejected_config_ids": [],
  "incumbents_changed": 2,
  "trajectory": [
    {
      "config_ids": [
        1
      ],
      "costs": [
        [
          0.055219958499678035,
          0.4998886290232765
        ]
      ],
      "trial": 1,
      "walltime": 126.63192081451416
    },
    {
      "config_ids": [
        1,
        2
      ],
      "costs": [
        [
          0.055219958499678035,
          0.4998886290232765
        ],
        [
          0.009472004959023173,
          0.5
        ]
      ],
      "trial": 2,
      "walltime": 133.29118180274963
    }
  ],
  "state": {
    "queue": [
      [
        2,
        1
      ]
    ]
  }
}