{
  "stats": {
    "submitted": 2,
    "finished": 2,
    "running": 0
  },
  "data": [
    [
      1,
      null,
      209652396,
      null,
      [
        0.055219958499678035,
        0.4998886290232765
      ],
      126.36190891265869,
      1,
      1707305259.626615,
      1707305386.041156,
      {}
    ],
    [
      2,
      null,
      209652396,
      null,
      [
        0.009472004959023173,
        0.5
      ],
      1.4764742851257324,
      1,
      1707305391.12355,
      1707305392.637828,
      {}
    ]
  ],
  "configs": {
    "1": {
      "choice": 0.27420973585918546,
      "duplicate": 0,
      "loop": 0.6243590484932066,
      "lt_dependency": 0.11643280289135872,
      "mode": 12,
      "num_traces": 876,
      "or": 0,
      "parallel": 0.5005605065450072,
      "sequence": 0.9603757594153285,
      "silent": 0.9968127990048379
    },
    "2": {
      "choice": 0.892855270774259,
      "duplicate": 0,
      "loop": 0.09625800670452529,
      "lt_dependency": 0.7827238845235909,
      "mode": 32,
      "num_traces": 715,
      "or": 0,
      "parallel": 0.1376370346783048,
      "sequence": 0.1696964227061463,
      "silent": 0.14680112183512767
    }
  },
  "config_origins": {
    "1": "Initial Design: Sobol",
    "2": "Acquisition Function Maximizer: Random Search (sorted)"
  }
}