{
  "stats": {
    "submitted": 5,
    "finished": 5,
    "running": 0
  },
  "data": [
    [
      1,
      null,
      209652396,
      null,
      [
        201650.19638713184,
        0.03375422897872052
      ],
      1.5685298442840576,
      1,
      1706649850.886154,
      1706649852.4554062,
      {}
    ],
    [
      2,
      null,
      209652396,
      null,
      [
        4100.254957243563,
        0.036256498795491074
      ],
      0.046971797943115234,
      1,
      1706649852.578389,
      1706649852.6259031,
      {}
    ],
    [
      3,
      null,
      209652396,
      null,
      [
        116613.83403615767,
        0.007951827349262967
      ],
      0.9660401344299316,
      1,
      1706649852.6278882,
      1706649853.594493,
      {}
    ],
    [
      4,
      null,
      209652396,
      null,
      [
        143039.02613194304,
        0.005954652831009627
      ],
      1.2080678939819336,
      1,
      1706649853.5971131,
      1706649854.80578,
      {}
    ],
    [
      5,
      null,
      209652396,
      null,
      [
        2264.4573490167204,
        0.021149784678614475
      ],
      0.026718854904174805,
      1,
      1706649854.808746,
      1706649854.836048,
      {}
    ]
  ],
  "configs": {
    "1": {
      "choice": 0.27420973585918546,
      "duplicate": 0,
      "loop": 0.6243590484932066,
      "lt_dependency": 0.11643280289135872,
      "mode": 12,
      "num_traces": 876,
      "or": 0,
      "parallel": 0.5005605065450072,
      "sequence": 0.9603757594153285,
      "silent": 0.9968127990048379
    },
    "2": {
      "choice": 0.892855270774259,
      "duplicate": 0,
      "loop": 0.09625800670452529,
      "lt_dependency": 0.7827238845235909,
      "mode": 32,
      "num_traces": 715,
      "or": 0,
      "parallel": 0.1376370346783048,
      "sequence": 0.1696964227061463,
      "silent": 0.14680112183512767
    },
    "3": {
      "choice": 0.7180374727086953,
      "duplicate": 0,
      "loop": 0.38960710363751994,
      "lt_dependency": 0.8342936470924586,
      "mode": 28,
      "num_traces": 612,
      "or": 0,
      "parallel": 0.442661634261348,
      "sequence": 0.3700736632331964,
      "silent": 0.2607586865143843
    },
    "4": {
      "choice": 0.6494351719359895,
      "duplicate": 0,
      "loop": 0.9263406719097345,
      "lt_dependency": 0.8011669785745563,
      "mode": 19,
      "num_traces": 656,
      "or": 0,
      "parallel": 0.6739314909219778,
      "sequence": 0.11102436264054778,
      "silent": 0.11927138975266208
    },
    "5": {
      "choice": 0.6067357423109274,
      "duplicate": 0,
      "loop": 0.7938077877018379,
      "lt_dependency": 0.780375183440352,
      "mode": 10,
      "num_traces": 116,
      "or": 0,
      "parallel": 0.7006548839679922,
      "sequence": 0.5744948027137008,
      "silent": 0.47164766512774325
    }
  },
  "config_origins": {
    "1": "Initial Design: Sobol",
    "2": "Acquisition Function Maximizer: Random Search (sorted)",
    "3": "Acquisition Function Maximizer: Random Search (sorted)",
    "4": "Acquisition Function Maximizer: Random Search (sorted)",
    "5": "Acquisition Function Maximizer: Random Search (sorted)"
  }
}