{
  "stats": {
    "submitted": 10,
    "finished": 10,
    "running": 0
  },
  "data": [
    [
      1,
      null,
      209652396,
      null,
      [
        0.0007297396818406465,
        0.032191780821917475
      ],
      11.219596147537231,
      1,
      1707683987.725031,
      1707683998.9453928,
      {}
    ],
    [
      2,
      null,
      209652396,
      null,
      [
        0.09981327933405004,
        0.216666666666667
      ],
      0.16551804542541504,
      1,
      1707683998.947146,
      1707683999.113327,
      {}
    ],
    [
      3,
      null,
      209652396,
      null,
      [
        0.00044240830393360575,
        0.032084893882646355
      ],
      10.787527084350586,
      1,
      1707683999.3023171,
      1707684010.090694,
      {}
    ],
    [
      4,
      null,
      209652396,
      null,
      [
        0.04649371524346435,
        0.21907308377896645
      ],
      0.6254329681396484,
      1,
      1707684010.094214,
      1707684010.720437,
      {}
    ],
    [
      5,
      null,
      209652396,
      null,
      [
        0.09662932478910702,
        0.02660357518401716
      ],
      0.5625619888305664,
      1,
      1707684010.723198,
      1707684011.286597,
      {}
    ],
    [
      6,
      null,
      209652396,
      null,
      [
        0.09172503222699974,
        0.020790573926263444
      ],
      29.30576992034912,
      1,
      1707684011.289563,
      1707684040.5962,
      {}
    ],
    [
      7,
      null,
      209652396,
      null,
      [
        0.07424546798290821,
        0.22889758643183333
      ],
      3.420279026031494,
      1,
      1707684040.601356,
      1707684044.022349,
      {}
    ],
    [
      8,
      null,
      209652396,
      null,
      [
        0.04590821994947153,
        0.18584474885844782
      ],
      1.415004014968872,
      1,
      1707684044.0258062,
      1707684045.441524,
      {}
    ],
    [
      9,
      null,
      209652396,
      null,
      [
        0.07040679809927974,
        0.024712643678160586
      ],
      0.6266429424285889,
      1,
      1707684045.445361,
      1707684046.0727198,
      {}
    ],
    [
      10,
      null,
      209652396,
      null,
      [
        0.03144780746747833,
        0.031531531531531196
      ],
      9.849008798599243,
      1,
      1707684046.078582,
      1707684055.928436,
      {}
    ]
  ],
  "configs": {
    "1": {
      "choice": 0.27420973585918546,
      "duplicate": 0,
      "loop": 0.6243590484932066,
      "lt_dependency": 0.11643280289135872,
      "mode": 46,
      "num_traces": 876,
      "or": 0,
      "parallel": 0.5005605065450072,
      "sequence": 0.9603757594153285,
      "silent": 0.9968127990048379
    },
    "2": {
      "choice": 0.7756838992610574,
      "duplicate": 0,
      "loop": 0.04211317901499569,
      "lt_dependency": 0.5104543915577233,
      "mode": 132,
      "num_traces": 324,
      "or": 0,
      "parallel": 0.5131619844958186,
      "sequence": 0.2709401994291693,
      "silent": 0.17004768340848386
    },
    "3": {
      "choice": 0.32586471521360394,
      "duplicate": 0,
      "loop": 0.6504298333933074,
      "lt_dependency": 0.2646977843879591,
      "mode": 65,
      "num_traces": 801,
      "or": 0,
      "parallel": 0.4864603351549053,
      "sequence": 0.8929993252485628,
      "silent": 0.9968127990048379
    },
    "4": {
      "choice": 0.4432113391500656,
      "duplicate": 0,
      "loop": 0.14031918470809412,
      "lt_dependency": 0.28999327137531156,
      "mode": 66,
      "num_traces": 935,
      "or": 0,
      "parallel": 0.08593590879853537,
      "sequence": 0.15850467101071578,
      "silent": 0.7498593746349328
    },
    "5": {
      "choice": 0.4432113391500656,
      "duplicate": 0,
      "loop": 0.08032569761590806,
      "lt_dependency": 0.46686456863040254,
      "mode": 56,
      "num_traces": 951,
      "or": 0,
      "parallel": 0.2182787354631025,
      "sequence": 0.21678798853388634,
      "silent": 0.6597662935706207
    },
    "6": {
      "choice": 0.48211143969010906,
      "duplicate": 0,
      "loop": 0.5850008747915555,
      "lt_dependency": 0.7748712762896369,
      "mode": 184,
      "num_traces": 877,
      "or": 0,
      "parallel": 0.03886783503982591,
      "sequence": 0.47700325069968064,
      "silent": 0.2519813360815867
    },
    "7": {
      "choice": 0.4715015688208435,
      "duplicate": 0,
      "loop": 0.9760589866236347,
      "lt_dependency": 0.12452129901171337,
      "mode": 47,
      "num_traces": 511,
      "or": 0,
      "parallel": 0.44145034465449173,
      "sequence": 0.33211420389662505,
      "silent": 0.6565772422107444
    },
    "8": {
      "choice": 0.5533253688880515,
      "duplicate": 0,
      "loop": 0.964026132896019,
      "lt_dependency": 0.03001621346592246,
      "mode": 28,
      "num_traces": 511,
      "or": 0,
      "parallel": 0.36591282156804816,
      "sequence": 0.322274067414942,
      "silent": 0.6565772422107444
    },
    "9": {
      "choice": 0.503496185288293,
      "duplicate": 0,
      "loop": 0.7643978713200694,
      "lt_dependency": 0.7959228459066834,
      "mode": 33,
      "num_traces": 116,
      "or": 0,
      "parallel": 0.49207820485980286,
      "sequence": 0.5744948027137008,
      "silent": 0.47397083847653587
    },
    "10": {
      "choice": 0.5028534148163671,
      "duplicate": 0,
      "loop": 0.36665014573490196,
      "lt_dependency": 0.8342936470924586,
      "mode": 155,
      "num_traces": 555,
      "or": 0,
      "parallel": 0.442661634261348,
      "sequence": 0.3700736632331964,
      "silent": 0.28716307326521007
    }
  },
  "config_origins": {
    "1": "Initial Design: Sobol",
    "2": "Initial Design: Sobol",
    "3": "Acquisition Function Maximizer: Local Search",
    "4": "Acquisition Function Maximizer: Local Search",
    "5": "Acquisition Function Maximizer: Random Search (sorted)",
    "6": "Acquisition Function Maximizer: Local Search",
    "7": "Acquisition Function Maximizer: Local Search",
    "8": "Acquisition Function Maximizer: Random Search (sorted)",
    "9": "Acquisition Function Maximizer: Local Search",
    "10": "Acquisition Function Maximizer: Local Search"
  }
}