{
  "stats": {
    "submitted": 20,
    "finished": 20,
    "running": 0
  },
  "data": [
    [
      1,
      null,
      209652396,
      null,
      [
        0.06875144833390323,
        0.02648401826483985
      ],
      1.3207118511199951,
      1,
      1707466725.91545,
      1707466727.2369778,
      {}
    ],
    [
      2,
      null,
      209652396,
      null,
      [
        0.0404169237733738,
        0.24753086419753123
      ],
      0.05956888198852539,
      1,
      1707466727.23907,
      1707466727.299237,
      {}
    ],
    [
      3,
      null,
      209652396,
      null,
      [
        0.016205140993492795,
        0.025757575757575424
      ],
      1.0296151638031006,
      1,
      1707466727.3013089,
      1707466728.331532,
      {}
    ],
    [
      4,
      null,
      209652396,
      null,
      [
        0.044177865143482875,
        0.20961968680089518
      ],
      3.262756824493408,
      1,
      1707466728.333802,
      1707466731.5972412,
      {}
    ],
    [
      5,
      null,
      209652396,
      null,
      [
        0.013194203039894048,
        0.025096101043382425
      ],
      5.148797988891602,
      1,
      1707466731.599562,
      1707466736.7491531,
      {}
    ],
    [
      6,
      null,
      209652396,
      null,
      [
        0.03412801174191182,
        0.008967851099831128
      ],
      0.5096969604492188,
      1,
      1707466737.0144541,
      1707466737.524759,
      {}
    ],
    [
      7,
      null,
      209652396,
      null,
      [
        0.009614080988476714,
        0.017204301075268484
      ],
      0.13816070556640625,
      1,
      1707466737.5275378,
      1707466737.666326,
      {}
    ],
    [
      8,
      null,
      209652396,
      null,
      [
        0.0249749487723413,
        0.0270114942528739
      ],
      0.04736208915710449,
      1,
      1707466737.669534,
      1707466737.717526,
      {}
    ],
    [
      9,
      null,
      209652396,
      null,
      [
        0.02217411204046138,
        0.030163761225567548
      ],
      6.364930868148804,
      1,
      1707466737.720636,
      1707466744.086247,
      {}
    ],
    [
      10,
      null,
      209652396,
      null,
      [
        0.024638972823638916,
        0.0302891933028916
      ],
      2.4585940837860107,
      1,
      1707466744.089791,
      1707466746.549036,
      {}
    ],
    [
      11,
      null,
      209652396,
      null,
      [
        0.005395403626241135,
        0.09027777777777812
      ],
      0.23378205299377441,
      1,
      1707466746.5525608,
      1707466746.786984,
      {}
    ],
    [
      12,
      null,
      209652396,
      null,
      [
        0.008465162678829685,
        0.10233739837398409
      ],
      0.2887120246887207,
      1,
      1707466746.790795,
      1707466747.080144,
      {}
    ],
    [
      13,
      null,
      209652396,
      null,
      [
        0.039483059390484576,
        0.024130879345602936
      ],
      1.510115146636963,
      1,
      1707466747.084328,
      1707466748.5951529,
      {}
    ],
    [
      14,
      null,
      209652396,
      null,
      [
        0.030397478350459695,
        0.12456140350877226
      ],
      0.06405806541442871,
      1,
      1707466749.15277,
      1707466749.217407,
      {}
    ],
    [
      15,
      null,
      209652396,
      null,
      [
        0.021918824227018963,
        0.025268817204300742
      ],
      0.2509441375732422,
      1,
      1707466749.2212758,
      1707466749.472832,
      {}
    ],
    [
      16,
      null,
      209652396,
      null,
      [
        0.002275109809965259,
        0.02517006802721055
      ],
      0.5419740676879883,
      1,
      1707466749.476867,
      1707466750.0194602,
      {}
    ],
    [
      17,
      null,
      209652396,
      null,
      [
        0.1204864503131371,
        0.07683615819209072
      ],
      0.5315468311309814,
      1,
      1707466750.0237398,
      1707466750.555906,
      {}
    ],
    [
      18,
      null,
      209652396,
      null,
      [
        0.07274569433317757,
        0.02743710691823866
      ],
      1.1628227233886719,
      1,
      1707466750.560197,
      1707466751.723657,
      {}
    ],
    [
      19,
      null,
      209652396,
      null,
      [
        0.02166897350586605,
        0.030153683094859232
      ],
      6.398757219314575,
      1,
      1707466751.727975,
      1707466758.1273742,
      {}
    ],
    [
      20,
      null,
      209652396,
      null,
      [
        0.03773511273824515,
        0.2774774774774778
      ],
      0.09642314910888672,
      1,
      1707466758.131928,
      1707466758.228976,
      {}
    ]
  ],
  "configs": {
    "1": {
      "choice": 0.27420973585918546,
      "duplicate": 0,
      "loop": 0.6243590484932066,
      "lt_dependency": 0.11643280289135872,
      "mode": 12,
      "num_traces": 876,
      "or": 0,
      "parallel": 0.5005605065450072,
      "sequence": 0.9603757594153285,
      "silent": 0.9968127990048379
    },
    "2": {
      "choice": 0.7756838992610574,
      "duplicate": 0,
      "loop": 0.04211317901499569,
      "lt_dependency": 0.5104543915577233,
      "mode": 28,
      "num_traces": 324,
      "or": 0,
      "parallel": 0.5131619844958186,
      "sequence": 0.2709401994291693,
      "silent": 0.17004768340848386
    },
    "3": {
      "choice": 0.6535194861143827,
      "duplicate": 0,
      "loop": 0.9576082275714726,
      "lt_dependency": 0.32692241824232043,
      "mode": 21,
      "num_traces": 396,
      "or": 0,
      "parallel": 0.7672931762319058,
      "sequence": 0.6588770150579513,
      "silent": 0.4562873648200184
    },
    "4": {
      "choice": 0.16388946956023576,
      "duplicate": 0,
      "loop": 0.39516660073772075,
      "lt_dependency": 0.7955099861510098,
      "mode": 36,
      "num_traces": 745,
      "or": 0,
      "parallel": 0.25395125332288443,
      "sequence": 0.07748097266070544,
      "silent": 0.6486980180162937
    },
    "5": {
      "choice": 0.04490061519667506,
      "duplicate": 0,
      "loop": 0.8006045478861779,
      "lt_dependency": 0.6931793973967433,
      "mode": 32,
      "num_traces": 607,
      "or": 0,
      "parallel": 0.2829401990491897,
      "sequence": 0.520932387933135,
      "silent": 0.3123690354358405
    },
    "6": {
      "choice": 0.42941825134551564,
      "duplicate": 0,
      "loop": 0.7377150566518363,
      "lt_dependency": 0.9788321588104364,
      "mode": 16,
      "num_traces": 591,
      "or": 0,
      "parallel": 0.6587800325791916,
      "sequence": 0.9884900996786339,
      "silent": 0.15167938543605694
    },
    "7": {
      "choice": 0.6067357423109274,
      "duplicate": 0,
      "loop": 0.8175378641357054,
      "lt_dependency": 0.8167871360381975,
      "mode": 16,
      "num_traces": 124,
      "or": 0,
      "parallel": 0.6434625040967007,
      "sequence": 0.5958132734402508,
      "silent": 0.5267360279029432
    },
    "8": {
      "choice": 0.6067357423109274,
      "duplicate": 0,
      "loop": 0.7938077877018379,
      "lt_dependency": 0.780375183440352,
      "mode": 10,
      "num_traces": 116,
      "or": 0,
      "parallel": 0.7006548839679922,
      "sequence": 0.5744948027137008,
      "silent": 0.47164766512774325
    },
    "9": {
      "choice": 0.08286470704119919,
      "duplicate": 0,
      "loop": 0.7972786662817647,
      "lt_dependency": 0.6742816990971959,
      "mode": 33,
      "num_traces": 631,
      "or": 0,
      "parallel": 0.2829401990491897,
      "sequence": 0.520932387933135,
      "silent": 0.3123690354358405
    },
    "10": {
      "choice": 0.6108081610508058,
      "duplicate": 0,
      "loop": 0.7429778222168797,
      "lt_dependency": 0.9271551942225306,
      "mode": 39,
      "num_traces": 657,
      "or": 0,
      "parallel": 0.09027327770316741,
      "sequence": 0.41692574915925096,
      "silent": 0.2519813360815867
    },