{
  "incumbent_ids": [
    5
  ],
  "rejected_config_ids": [
    1,
    3
  ],
  "incumbents_changed": 3,
  "trajectory": [
    {
      "config_ids": [
        1
      ],
      "costs": [
        0.37880687093779014
      ],
      "trial": 1,
      "walltime": 0.8988220691680908
    },
    {
      "config_ids": [
        3
      ],
      "costs": [
        0.20024257125530626
      ],
      "trial": 3,
      "walltime": 1.4893569946289062
    },
    {
      "config_ids": [
        5
      ],
      "costs": [
        0.0036971205119089856
      ],
      "trial": 5,
      "walltime": 5.818030118942261
    }
  ],
  "state": {
    "queue": [
      [
        7,
        1
      ]
    ]
  }
}