epa_normalized_sequence_entropy,epa_normalized_sequence_entropy_exponential_forgetting,log,target_similarity
0.558311355201429,0.23270172523246102,genELCoSeLoG_WABO_1_06016_03763,0.8696041145792931
0.547597168193871,0.22387845232743803,genELSepsis_Cases_Event_Log_05223_02995,0.92615629433589
