{
  "stats": {
    "submitted": 20,
    "finished": 20,
    "running": 0
  },
  "data": [
    [
      1,
      null,
      209652396,
      null,
      [
        0.031801210255607115,
        0.00732201770929195
      ],
      2.9908597469329834,
      1,
      1707467085.262899,
      1707467088.254421,
      {}
    ],
    [
      2,
      null,
      209652396,
      null,
      [
        0.017849997939750173,
        0.23730845751479057
      ],
      0.09207797050476074,
      1,
      1707467088.255948,
      1707467088.348624,
      {}
    ],
    [
      3,
      null,
      209652396,
      null,
      [
        0.10729134136858787,
        0.007079870206870474
      ],
      3.3308510780334473,
      1,
      1707467088.350708,
      1707467091.682186,
      {}
    ],
    [
      4,
      null,
      209652396,
      null,
      [
        0.16677249183708015,
        0.24005930679807835
      ],
      11.216994762420654,
      1,
      1707467091.685573,
      1707467102.903258,
      {}
    ],
    [
      5,
      null,
      209652396,
      null,
      [
        0.18055789532210925,
        0.007957676274132885
      ],
      63.80321907997131,
      1,
      1707467102.906486,
      1707467166.7104378,
      {}
    ],
    [
      6,
      null,
      209652396,
      null,
      [
        0.058313820594359966,
        0.008492775679842688
      ],
      6.566396951675415,
      1,
      1707467166.991511,
      1707467173.558518,
      {}
    ],
    [
      7,
      null,
      209652396,
      null,
      [
        0.07046949993632001,
        0.24486385728890753
      ],
      0.34963035583496094,
      1,
      1707467173.561806,
      1707467173.9120488,
      {}
    ],
    [
      8,
      null,
      209652396,
      null,
      [
        0.11233778898171132,
        0.1411885280615278
      ],
      1.3022520542144775,
      1,
      1707467173.915246,
      1707467175.2181172,
      {}
    ],
    [
      9,
      null,
      209652396,
      null,
      [
        0.07464167053800053,
        0.21740074810936427
      ],
      0.5238068103790283,
      1,
      1707467175.221749,
      1707467175.7461839,
      {}
    ],
    [
      10,
      null,
      209652396,
      null,
      [
        0.07346744799427096,
        0.21348685378451104
      ],
      0.5540452003479004,
      1,
      1707467175.749505,
      1707467176.30418,
      {}
    ],
    [
      11,
      null,
      209652396,
      null,
      [
        0.045616401496278436,
        0.23960623373475398
      ],
      0.30593204498291016,
      1,
      1707467176.30756,
      1707467176.6141179,
      {}
    ],
    [
      12,
      null,
      209652396,
      null,
      [
        0.011090758274608814,
        0.2203117747748022
      ],
      0.09833502769470215,
      1,
      1707467176.61744,
      1707467176.716377,
      {}
    ],
    [
      13,
      null,
      209652396,
      null,
      [
        0.1755563491168613,
        0.23181237449932773
      ],
      21.036379098892212,
      1,
      1707467176.7201831,
      1707467197.7572842,
      {}
    ],
    [
      14,
      null,
      209652396,
      null,
      [
        0.0219954615128114,
        0.0009706704523658374
      ],
      1.4388422966003418,
      1,
      1707467198.3552582,
      1707467199.794701,
      {}
    ],
    [
      15,
      null,
      209652396,
      null,
      [
        0.027928751526358875,
        0.005807654377692621
      ],
      2.457643985748291,
      1,
      1707467199.798283,
      1707467202.2565892,
      {}
    ],
    [
      16,
      null,
      209652396,
      null,
      [
        0.035845047218317494,
        0.008534458920559831
      ],
      3.651118040084839,
      1,
      1707467202.2601888,
      1707467205.912025,
      {}
    ],
    [
      17,
      null,
      209652396,
      null,
      [
        0.11495403793693687,
        0.008025343901159335
      ],
      12.392040967941284,
      1,
      1707467205.9156852,
      1707467218.308408,
      {}
    ],
    [
      18,
      null,
      209652396,
      null,
      [
        0.02954281574412443,
        0.006987321685002581
      ],
      1.1106231212615967,
      1,
      1707467218.312035,
      1707467219.4232829,
      {}
    ],
    [
      19,
      null,
      209652396,
      null,
      [
        0.05171401910658313,
        0.008424485187849093
      ],
      4.487135887145996,
      1,
      1707467219.4268842,
      1707467223.9146519,
      {}
    ],
    [
      20,
      null,
      209652396,
      null,
      [
        0.0841978387476171,
        0.03543992231292204
      ],
      0.3048241138458252,
      1,
      1707467223.918389,
      1707467224.2238169,
      {}
    ]
  ],
  "configs": {
    "1": {
      "choice": 0.27420973585918546,
      "duplicate": 0,
      "loop": 0.6243590484932066,
      "lt_dependency": 0.11643280289135872,
      "mode": 25,
      "num_traces": 876,
      "or": 0,
      "parallel": 0.5005605065450072,
      "sequence": 0.9603757594153285,
      "silent": 0.9968127990048379
    },
    "2": {
      "choice": 0.7756838992610574,
      "duplicate": 0,
      "loop": 0.04211317901499569,
      "lt_dependency": 0.5104543915577233,
      "mode": 67,
      "num_traces": 324,
      "or": 0,
      "parallel": 0.5131619844958186,
      "sequence": 0.2709401994291693,
      "silent": 0.17004768340848386
    },
    "3": {
      "choice": 0.6535194861143827,
      "duplicate": 0,
      "loop": 0.9576082275714726,
      "lt_dependency": 0.32692241824232043,
      "mode": 47,
      "num_traces": 396,
      "or": 0,
      "parallel": 0.7672931762319058,
      "sequence": 0.6588770150579513,
      "silent": 0.4562873648200184
    },
    "4": {
      "choice": 0.16388946956023576,
      "duplicate": 0,
      "loop": 0.39516660073772075,
      "lt_dependency": 0.7955099861510098,
      "mode": 89,
      "num_traces": 745,
      "or": 0,
      "parallel": 0.25395125332288443,
      "sequence": 0.07748097266070544,
      "silent": 0.6486980180162937
    },
    "5": {
      "choice": 0.04490061519667506,
      "duplicate": 0,
      "loop": 0.8006045478861779,
      "lt_dependency": 0.6931793973967433,
      "mode": 77,
      "num_traces": 607,
      "or": 0,
      "parallel": 0.2829401990491897,
      "sequence": 0.520932387933135,
      "silent": 0.3123690354358405
    },
    "6": {
      "choice": 0.3631471142752406,
      "duplicate": 0,
      "loop": 0.7204181060969111,
      "lt_dependency": 0.11643280289135872,
      "mode": 30,
      "num_traces": 899,
      "or": 0,
      "parallel": 0.5161549888568816,
      "sequence": 0.9020924418921579,
      "silent": 0.9558914867713058
    },
    "7": {
      "choice": 0.4629507581254331,
      "duplicate": 0,
      "loop": 0.09936837058976221,
      "lt_dependency": 0.18890631344604353,
      "mode": 31,
      "num_traces": 951,
      "or": 0,
      "parallel": 0.20138830971215557,
      "sequence": 0.24837699665837537,
      "silent": 0.6597662935706207
    },
    "8": {
      "choice": 0.6827454205418892,
      "duplicate": 0,
      "loop": 0.9468481841604699,
      "lt_dependency": 0.19252223913685942,
      "mode": 49,
      "num_traces": 378,
      "or": 0,
      "parallel": 0.5928058326748796,
      "sequence": 0.5162270277641424,
      "silent": 0.5205018447738426
    },
    "9": {
      "choice": 0.5533253688880515,
      "duplicate": 0,
      "loop": 0.964026132896019,
      "lt_dependency": 0.03001621346592246,
      "mode": 16,
      "num_traces": 511,
      "or": 0,
      "parallel": 0.36591282156804816,
      "sequence": 0.322274067414942,
      "silent": 0.6565772422107444
    },
    "10": {
      "choice": 0.5886174301956034,
      "duplicate": 0,
      "loop": 0.9883592803911154,
      "lt_dependency": 0.013711379997958462,
      "mode": 16,
      "num_traces": 511,
      "or": 0,
      "parallel": 0.2727883304732283,
      "sequence": 0.29498431824649585,