{
  "stats": {
    "submitted": 11,
    "finished": 10,
    "running": 1
  },
  "data": [
    [
      1,
      null,
      209652396,
      null,
      [
        0.04808551565999053,
        0.03022452504317756
      ],
      2.8152220249176025,
      1,
      1707412118.893811,
      1707412121.7101219,
      {}
    ],
    [
      2,
      null,
      209652396,
      null,
      [
        0.10103387265508385,
        0.11328320802005046
      ],
      0.029291868209838867,
      1,
      1707412121.712117,
      1707412121.742103,
      {}
    ],
    [
      3,
      null,
      209652396,
      null,
      [
        0.008445456675417073,
        0.4699176419592548
      ],
      0.5708379745483398,
      1,
      1707412121.74394,
      1707412122.3154151,
      {}
    ],
    [
      4,
      null,
      209652396,
      null,
      [
        0.05771380489231115,
        0.009575233981281163
      ],
      0.21559596061706543,
      1,
      1707412122.3177862,
      1707412122.534047,
      {}
    ],
    [
      5,
      null,
      209652396,
      null,
      [
        0.017259371259765066,
        0.23939393939393971
      ],
      0.5404350757598877,
      1,
      1707412122.536923,
      1707412123.077974,
      {}
    ],
    [
      6,
      null,
      209652396,
      null,
      [
        0.09173152564920395,
        0.03232221098752916
      ],
      1.6998538970947266,
      1,
      1707412123.398557,
      1707412125.099033,
      {}
    ],
    [
      7,
      null,
      209652396,
      null,
      [
        0.02846054434769163,
        0.07506775067750712
      ],
      0.31157422065734863,
      1,
      1707412125.102892,
      1707412125.415137,
      {}
    ],
    [
      8,
      null,
      209652396,
      null,
      [
        0.08319099178977774,
        0.028124999999999668
      ],
      0.43744707107543945,
      1,
      1707412125.4196742,
      1707412125.85774,
      {}
    ],
    [
      9,
      null,
      209652396,
      null,
      [
        0.2867166520843417,
        0.08494623655914013
      ],
      0.061263322830200195,
      1,
      1707412125.8622952,
      1707412125.924156,
      {}
    ],
    [
      10,
      null,
      209652396,
      null,
      [
        0.0025882951239157848,
        0.06736111111111145
      ],
      0.05793905258178711,
      1,
      1707412125.92854,
      1707412125.987096,
      {}
    ],
    [
      11,
      null,
      209652396,
      null,
      2147483647.0,
      0.0,
      0,
      0.0,
      0.0,
      {}
    ]
  ],
  "configs": {
    "1": {
      "choice": 0.27420973585918546,
      "duplicate": 0,
      "loop": 0.6243590484932066,
      "lt_dependency": 0.11643280289135872,
      "max": 12,
      "min": 36,
      "mode": 22,
      "num_traces": 965,
      "or": 0,
      "parallel": 0.9968127990048379,
      "sequence": 0.7744139964226633,
      "silent": 0.7162562181800604
    },
    "2": {
      "choice": 0.7636231336928904,
      "duplicate": 0,
      "loop": 0.2753755502961576,
      "lt_dependency": 0.9389623495284468,
      "max": 39,
      "min": 16,
      "mode": 24,
      "num_traces": 266,
      "or": 0,
      "parallel": 0.15723027363419534,
      "sequence": 0.42967240599915385,
      "silent": 0.12256621007807553
    },
    "3": {
      "choice": 0.5534077303763479,
      "duplicate": 0,
      "loop": 0.9441540514025837,
      "lt_dependency": 0.45226944354362786,
      "max": 19,
      "min": 13,
      "mode": 33,
      "num_traces": 769,
      "or": 0,
      "parallel": 0.3117050725314766,
      "sequence": 0.12312715318985283,
      "silent": 0.32291226397268474
    },
    "4": {
      "choice": 0.049488366832956675,
      "duplicate": 0,
      "loop": 0.17938753484748304,
      "lt_dependency": 0.6052992315869778,
      "max": 28,
      "min": 30,
      "mode": 13,
      "num_traces": 463,
      "or": 0,
      "parallel": 0.5948384316079318,
      "sequence": 0.7077719158120453,
      "silent": 0.9818906797654927
    },
    "5": {
      "choice": 0.19955039026215673,
      "duplicate": 0,
      "loop": 0.8314401759952307,
      "lt_dependency": 0.8422806031815707,
      "max": 24,
      "min": 25,
      "mode": 18,
      "num_traces": 616,
      "or": 0,
      "parallel": 0.4870224994421005,
      "sequence": 0.20290152083151042,
      "silent": 0.17355378899723292
    },
    "6": {
      "choice": 0.2532730523055348,
      "duplicate": 0,
      "loop": 0.6243590484932066,
      "lt_dependency": 0.1433579716373802,
      "max": 14,
      "min": 36,
      "mode": 22,
      "num_traces": 989,
      "or": 0,
      "parallel": 0.9968127990048379,
      "sequence": 0.7292357407903914,
      "silent": 0.6540951787887676
    },
    "7": {
      "choice": 0.5533253688880515,
      "duplicate": 0,
      "loop": 0.9608965135436386,
      "lt_dependency": 0.1535949619134772,
      "max": 10,
      "min": 25,
      "mode": 17,
      "num_traces": 369,
      "or": 0,
      "parallel": 0.6540124072845882,
      "sequence": 0.19458438388737712,
      "silent": 0.9072071182291923
    },
    "8": {
      "choice": 0.5533253688880515,
      "duplicate": 0,
      "loop": 0.964026132896019,
      "lt_dependency": 0.03001621346592246,
      "max": 9,
      "min": 21,
      "mode": 17,
      "num_traces": 384,
      "or": 0,
      "parallel": 0.6565772422107444,
      "sequence": 0.20461653806325297,
      "silent": 0.9769934773084338
    },
    "9": {
      "choice": 0.43070488646549193,
      "duplicate": 0,
      "loop": 0.038256032374492405,
      "lt_dependency": 0.3704238181556884,
      "max": 10,
      "min": 38,
      "mode": 12,
      "num_traces": 279,
      "or": 0,
      "parallel": 0.6597662935706207,
      "sequence": 0.9766948703632617,
      "silent": 0.3031787955469235
    },
    "10": {
      "choice": 0.4432113391500656,
      "duplicate": 0,
      "loop": 0.08032569761590806,
      "lt_dependency": 0.46686456863040254,
      "max": 14,
      "min": 38,
      "mode": 12,
      "num_traces": 288,
      "or": 0,
      "parallel": 0.6597662935706207,
      "sequence": 0.9766948703632617,
      "silent": 0.3031787955469235
    },
    "11": {
      "choice": 0.6735758566097225,
      "duplicate": 0,
      "loop": 0.8338795300031244,
      "lt_dependency": 0.780375183440352,
      "max": 13,
      "min": 13,
      "mode": 34,
      "num_traces": 495,
      "or": 0,
      "parallel": 0.47164766512774325,
      "sequence": 0.8227832975494558,
      "silent": 0.7418709436043187
    }
  },
  "config_origins": {
    "1": "Initial Design: Sobol",
    "2": "Initial Design: Sobol",
    "3": "Initial Design: Sobol",
    "4": "Initial Design: Sobol",
    "5": "Initial Design: Sobol",
    "6": "Acquisition Function Maximizer: Local Search",
    "7": "Acquisition Function Maximizer: Local Search",
    "8": "Acquisition Function Maximizer: Random Search (sorted)",
    "9": "Acquisition Function Maximizer: Local Search",
    "10": "Acquisition Function Maximizer: Random Search (sorted)",
    "11": "Acquisition Function Maximizer: Local Search"
  }
}