{
  "incumbent_ids": [
    2
  ],
  "rejected_config_ids": [
    1
  ],
  "incumbents_changed": 2,
  "trajectory": [
    {
      "config_ids": [
        1
      ],
      "costs": [
        0.42119312906220985
      ],
      "trial": 1,
      "walltime": 1.1077938079833984
    },
    {
      "config_ids": [
        2
      ],
      "costs": [
        0.09205511580181769
      ],
      "trial": 2,
      "walltime": 1.702341079711914
    }
  ],
  "state": {
    "queue": [
      [
        2,
        1
      ]
    ]
  }
}