{
  "stats": {
    "submitted": 5,
    "finished": 5,
    "running": 0
  },
  "data": [
    [
      1,
      null,
      209652396,
      null,
      [
        0.09289064621737342,
        0.03375422897872052
      ],
      1.5834019184112549,
      1,
      1706649870.39394,
      1706649871.9780931,
      {}
    ],
    [
      2,
      null,
      209652396,
      null,
      [
        0.004370606229979812,
        0.036256498795491074
      ],
      0.04718494415283203,
      1,
      1706649872.099704,
      1706649872.147421,
      {}
    ],
    [
      3,
      null,
      209652396,
      null,
      [
        0.10584257177734036,
        0.007951827349262967
      ],
      0.9652290344238281,
      1,
      1706649872.1494558,
      1706649873.115257,
      {}
    ],
    [
      4,
      null,
      209652396,
      null,
      [
        0.08386454442420355,
        0.005954652831009627
      ],
      1.203808069229126,
      1,
      1706649873.118101,
      1706649874.322528,
      {}
    ],
    [
      5,
      null,
      209652396,
      null,
      [
        0.036085968476229024,
        0.021149784678614475
      ],
      0.026767730712890625,
      1,
      1706649874.325313,
      1706649874.352675,
      {}
    ]
  ],
  "configs": {
    "1": {
      "choice": 0.27420973585918546,
      "duplicate": 0,
      "loop": 0.6243590484932066,
      "lt_dependency": 0.11643280289135872,
      "mode": 12,
      "num_traces": 876,
      "or": 0,
      "parallel": 0.5005605065450072,
      "sequence": 0.9603757594153285,
      "silent": 0.9968127990048379
    },
    "2": {
      "choice": 0.892855270774259,
      "duplicate": 0,
      "loop": 0.09625800670452529,
      "lt_dependency": 0.7827238845235909,
      "mode": 32,
      "num_traces": 715,
      "or": 0,
      "parallel": 0.1376370346783048,
      "sequence": 0.1696964227061463,
      "silent": 0.14680112183512767
    },
    "3": {
      "choice": 0.7180374727086953,
      "duplicate": 0,
      "loop": 0.38960710363751994,
      "lt_dependency": 0.8342936470924586,
      "mode": 28,
      "num_traces": 612,
      "or": 0,
      "parallel": 0.442661634261348,
      "sequence": 0.3700736632331964,
      "silent": 0.2607586865143843
    },
    "4": {
      "choice": 0.6494351719359895,
      "duplicate": 0,
      "loop": 0.9263406719097345,
      "lt_dependency": 0.8011669785745563,
      "mode": 19,
      "num_traces": 656,
      "or": 0,
      "parallel": 0.6739314909219778,
      "sequence": 0.11102436264054778,
      "silent": 0.11927138975266208
    },
    "5": {
      "choice": 0.6067357423109274,
      "duplicate": 0,
      "loop": 0.7938077877018379,
      "lt_dependency": 0.780375183440352,
      "mode": 10,
      "num_traces": 116,
      "or": 0,
      "parallel": 0.7006548839679922,
      "sequence": 0.5744948027137008,
      "silent": 0.47164766512774325
    }
  },
  "config_origins": {
    "1": "Initial Design: Sobol",
    "2": "Acquisition Function Maximizer: Random Search (sorted)",
    "3": "Acquisition Function Maximizer: Random Search (sorted)",
    "4": "Acquisition Function Maximizer: Random Search (sorted)",
    "5": "Acquisition Function Maximizer: Random Search (sorted)"
  }
}