{
  "incumbent_ids": [
    1,
    2
  ],
  "rejected_config_ids": [],
  "incumbents_changed": 2,
  "trajectory": [
    {
      "config_ids": [
        1
      ],
      "costs": [
        [
          0.08225247110346168,
          0.001707450337586475
        ]
      ],
      "trial": 1,
      "walltime": 11.406122922897339
    },
    {
      "config_ids": [
        1,
        2
      ],
      "costs": [
        [
          0.08225247110346168,
          0.001707450337586475
        ],
        [
          0.028756135063641164,
          0.22652162652162738
        ]
      ],
      "trial": 2,
      "walltime": 11.815072059631348
    }
  ],
  "state": {
    "queue": [
      [
        2,
        1
      ]
    ]
  }
}