{
  "incumbent_ids": [
    1,
    3
  ],
  "rejected_config_ids": [],
  "incumbents_changed": 2,
  "trajectory": [
    {
      "config_ids": [
        1
      ],
      "costs": [
        [
          0.4071093537826266,
          0.644780041500322
        ]
      ],
      "trial": 1,
      "walltime": 4.040801048278809
    },
    {
      "config_ids": [
        1,
        3
      ],
      "costs": [
        [
          0.4071093537826266,
          0.644780041500322
        ],
        [
          0.39415742822265964,
          0.6521285643816632
        ]
      ],
      "trial": 3,
      "walltime": 7.210767030715942
    }
  ],
  "state": {
    "queue": [
      [
        5,
        1
      ]
    ]
  }
}