{
  "stats": {
    "submitted": 5,
    "finished": 5,
    "running": 0
  },
  "data": [
    [
      1,
      null,
      209652396,
      null,
      [
        0.4071093537826266,
        0.644780041500322
      ],
      4.037811040878296,
      1,
      1707305993.7953439,
      1707305997.834622,
      {}
    ],
    [
      2,
      null,
      209652396,
      null,
      [
        0.5043706062299798,
        0.7094720049590232
      ],
      0.2688751220703125,
      1,
      1707305998.144765,
      1707305998.414339,
      {}
    ],
    [
      3,
      null,
      209652396,
      null,
      [
        0.39415742822265964,
        0.6521285643816632
      ],
      2.583127021789551,
      1,
      1707305998.416537,
      1707306001.003178,
      {}
    ],
    [
      4,
      null,
      209652396,
      null,
      [
        0.41613545557579645,
        0.6608331781232208
      ],
      2.6840660572052,
      1,
      1707306001.007924,
      1707306003.692704,
      {}
    ],
    [
      5,
      null,
      209652396,
      null,
      [
        0.463914031523771,
        0.6694272825423482
      ],
      0.03981590270996094,
      1,
      1707306003.698613,
      1707306003.740048,
      {}
    ]
  ],
  "configs": {
    "1": {
      "choice": 0.27420973585918546,
      "duplicate": 0,
      "loop": 0.6243590484932066,
      "lt_dependency": 0.11643280289135872,
      "mode": 12,
      "num_traces": 876,
      "or": 0,
      "parallel": 0.5005605065450072,
      "sequence": 0.9603757594153285,
      "silent": 0.9968127990048379
    },
    "2": {
      "choice": 0.892855270774259,
      "duplicate": 0,
      "loop": 0.09625800670452529,
      "lt_dependency": 0.7827238845235909,
      "mode": 32,
      "num_traces": 715,
      "or": 0,
      "parallel": 0.1376370346783048,
      "sequence": 0.1696964227061463,
      "silent": 0.14680112183512767
    },
    "3": {
      "choice": 0.7180374727086953,
      "duplicate": 0,
      "loop": 0.38960710363751994,
      "lt_dependency": 0.8342936470924586,
      "mode": 28,
      "num_traces": 612,
      "or": 0,
      "parallel": 0.442661634261348,
      "sequence": 0.3700736632331964,
      "silent": 0.2607586865143843
    },
    "4": {
      "choice": 0.6494351719359895,
      "duplicate": 0,
      "loop": 0.9263406719097345,
      "lt_dependency": 0.8011669785745563,
      "mode": 19,
      "num_traces": 656,
      "or": 0,
      "parallel": 0.6739314909219778,
      "sequence": 0.11102436264054778,
      "silent": 0.11927138975266208
    },
    "5": {
      "choice": 0.6067357423109274,
      "duplicate": 0,
      "loop": 0.7938077877018379,
      "lt_dependency": 0.780375183440352,
      "mode": 10,
      "num_traces": 116,
      "or": 0,
      "parallel": 0.7006548839679922,
      "sequence": 0.5744948027137008,
      "silent": 0.47164766512774325
    }
  },
  "config_origins": {
    "1": "Initial Design: Sobol",
    "2": "Acquisition Function Maximizer: Random Search (sorted)",
    "3": "Acquisition Function Maximizer: Random Search (sorted)",
    "4": "Acquisition Function Maximizer: Random Search (sorted)",
    "5": "Acquisition Function Maximizer: Random Search (sorted)"
  }
}