{
  "stats": {
    "submitted": 20,
    "finished": 20,
    "running": 0
  },
  "data": [
    [
      1,
      null,
      209652396,
      null,
      [
        0.06848190403524645,
        0.020776255707762224
      ],
      1.4093859195709229,
      1,
      1707410898.839776,
      1707410900.249846,
      {}
    ],
    [
      2,
      null,
      209652396,
      null,
      [
        0.16297543599317899,
        0.005555555555555224
      ],
      0.0840911865234375,
      1,
      1707410900.251694,
      1707410900.3364139,
      {}
    ],
    [
      3,
      null,
      209652396,
      null,
      [
        0.03276486054868866,
        0.030808080808080476
      ],
      0.9226160049438477,
      1,
      1707410900.338599,
      1707410901.2618968,
      {}
    ],
    [
      4,
      null,
      209652396,
      null,
      [
        0.10414301999323361,
        0.03199105145413837
      ],
      1.0617499351501465,
      1,
      1707410901.2648692,
      1707410902.32745,
      {}
    ],
    [
      5,
      null,
      209652396,
      null,
      [
        0.0876201150803308,
        0.031685886875342885
      ],
      40.94284796714783,
      1,
      1707410902.330453,
      1707410943.274011,
      {}
    ],
    [
      6,
      null,
      209652396,
      null,
      [
        0.5223430410751391,
        0.49112627986348156
      ],
      0.14248085021972656,
      1,
      1707410943.564266,
      1707410943.707343,
      {}
    ],
    [
      7,
      null,
      209652396,
      null,
      [
        0.08157432524777586,
        0.03989898989899023
      ],
      0.18637585639953613,
      1,
      1707410943.710419,
      1707410943.89738,
      {}
    ],
    [
      8,
      null,
      209652396,
      null,
      [
        0.008311864619849674,
        0.47994100294985287
      ],
      0.1576828956604004,
      1,
      1707410943.900547,
      1707410944.058819,
      {}
    ],
    [
      9,
      null,
      209652396,
      null,
      [
        0.11352720772053748,
        0.47455310199789724
      ],
      0.09419870376586914,
      1,
      1707410944.062557,
      1707410944.157378,
      {}
    ],
    [
      10,
      null,
      209652396,
      null,
      [
        0.12828872087432563,
        0.2411146161934809
      ],
      0.07198596000671387,
      1,
      1707410944.161449,
      1707410944.2340548,
      {}
    ],
    [
      11,
      null,
      209652396,
      null,
      [
        0.09133130796079914,
        0.026829268292682593
      ],
      0.5962789058685303,
      1,
      1707410944.2379498,
      1707410944.8348448,
      {}
    ],
    [
      12,
      null,
      209652396,
      null,
      [
        0.02577915429979094,
        0.24259621656881963
      ],
      0.23265480995178223,
      1,
      1707410944.83885,
      1707410945.07217,
      {}
    ],
    [
      13,
      null,
      209652396,
      null,
      [
        0.09448215891779266,
        0.09683698296837018
      ],
      0.05246472358703613,
      1,
      1707410945.076683,
      1707410945.1297548,
      {}
    ],
    [
      14,
      null,
      209652396,
      null,
      [
        0.026718754962042235,
        0.019468515309069567
      ],
      6.155915021896362,
      1,
      1707410945.714714,
      1707410951.8712618,
      {}
    ],
    [
      15,
      null,
      209652396,
      null,
      [
        0.11167335734773287,
        0.02755298651252375
      ],
      0.2006237506866455,
      1,
      1707410951.87655,
      1707410952.077836,
      {}
    ],
    [
      16,
      null,
      209652396,
      null,
      [
        0.05844021722075127,
        0.023987538940809634
      ],
      0.3686540126800537,
      1,
      1707410952.0825112,
      1707410952.4518101,
      {}
    ],
    [
      17,
      null,
      209652396,
      null,
      [
        0.012121083449910253,
        0.032181259600614104
      ],
      8.875057935714722,
      1,
      1707410952.456372,
      1707410961.3320901,
      {}
    ],
    [
      18,
      null,
      209652396,
      null,
      [
        0.03185798962830433,
        0.20091545503500302
      ],
      0.1894550323486328,
      1,
      1707410961.337089,
      1707410961.527154,
      {}
    ],
    [
      19,
      null,
      209652396,
      null,
      [
        0.04696813203311756,
        0.021857923497267426
      ],
      1.2650816440582275,
      1,
      1707410961.5318148,
      1707410962.797535,
      {}
    ],
    [
      20,
      null,
      209652396,
      null,
      [
        0.061448577017750416,
        0.010810810810810478
      ],
      0.06772899627685547,
      1,
      1707410962.802465,
      1707410962.870788,
      {}
    ]
  ],
  "configs": {
    "1": {
      "choice": 0.27420973585918546,
      "duplicate": 0,
      "loop": 0.6243590484932066,
      "lt_dependency": 0.11643280289135872,
      "mode": 13,
      "num_traces": 876,
      "or": 0,
      "parallel": 0.5005605065450072,
      "sequence": 0.9603757594153285,
      "silent": 0.9968127990048379
    },
    "2": {
      "choice": 0.7756838992610574,
      "duplicate": 0,
      "loop": 0.04211317901499569,
      "lt_dependency": 0.5104543915577233,
      "mode": 34,
      "num_traces": 324,
      "or": 0,
      "parallel": 0.5131619844958186,
      "sequence": 0.2709401994291693,
      "silent": 0.17004768340848386
    },
    "3": {
      "choice": 0.6535194861143827,
      "duplicate": 0,
      "loop": 0.9576082275714726,
      "lt_dependency": 0.32692241824232043,
      "mode": 24,
      "num_traces": 396,
      "or": 0,
      "parallel": 0.7672931762319058,
      "sequence": 0.6588770150579513,
      "silent": 0.4562873648200184
    },
    "4": {
      "choice": 0.16388946956023576,
      "duplicate": 0,
      "loop": 0.39516660073772075,
      "lt_dependency": 0.7955099861510098,
      "mode": 45,
      "num_traces": 745,
      "or": 0,
      "parallel": 0.25395125332288443,
      "sequence": 0.07748097266070544,
      "silent": 0.6486980180162937
    },
    "5": {
      "choice": 0.04490061519667506,
      "duplicate": 0,
      "loop": 0.8006045478861779,
      "lt_dependency": 0.6931793973967433,
      "mode": 39,
      "num_traces": 607,
      "or": 0,
      "parallel": 0.2829401990491897,
      "sequence": 0.520932387933135,
      "silent": 0.3123690354358405
    },
    "6": {
      "choice": 0.3845056914626662,
      "duplicate": 0,
      "loop": 0.5842616063891125,
      "lt_dependency": 0.1326065631021508,
      "mode": 5,
      "num_traces": 879,
      "or": 0,
      "parallel": 0.3483227224041836,
      "sequence": 0.9603757594153285,
      "silent": 0.9647802635698605
    },
    "7": {
      "choice": 0.7608162413483339,
      "duplicate": 0,
      "loop": 0.8907572030325279,
      "lt_dependency": 0.27666505424481624,
      "mode": 18,
      "num_traces": 396,
      "or": 0,
      "parallel": 0.7879432370220961,
      "sequence": 0.7437454380668579,
      "silent": 0.41830268268271653
    },
    "8": {
      "choice": 0.6777174879623374,
      "duplicate": 0,
      "loop": 0.9833441217409128,
      "lt_dependency": 0.04556387593225392,
      "mode": 11,
      "num_traces": 678,
      "or": 0,
      "parallel": 0.36591282156804816,
      "sequence": 0.31165399013603945,
      "silent": 0.6565772422107444
    },
    "9": {
      "choice": 0.4432113391500656,
      "duplicate": 0,
      "loop": 0.08032569761590806,
      "lt_dependency": 0.46686456863040254,
      "mode": 15,
      "num_traces": 951,
      "or": 0,
      "parallel": 0.2182787354631025,
      "sequence": 0.21678798853388634,
      "silent": 0.6597662935706207
    },
    "10": {
      "choice": 0.46803303968420534,
      "duplicate": 0,
      "loop": 0.0573687397132901,
      "lt_dependency": 0.46686456863040254,
      "mode": 15,
      "num_traces": 951,
      "or": 0,
      "parallel": 0.2214972458552281,
      "sequence": 0.21081671009199013,