{
  "incumbent_ids": [
    1,
    2
  ],
  "rejected_config_ids": [],
  "incumbents_changed": 2,
  "trajectory": [
    {
      "config_ids": [
        1
      ],
      "costs": [
        [
          0.3928906462173734,
          0.16917808219178077
        ]
      ],
      "trial": 1,
      "walltime": 124.21364688873291
    },
    {
      "config_ids": [
        1,
        2
      ],
      "costs": [
        [
          0.3928906462173734,
          0.16917808219178077
        ],
        [
          0.2956293937700202,
          0.6895104895104895
        ]
      ],
      "trial": 2,
      "walltime": 130.88117480278015
    }
  ],
  "state": {
    "queue": [
      [
        2,
        1
      ]
    ]
  }
}