{
  "stats": {
    "submitted": 20,
    "finished": 20,
    "running": 0
  },
  "data": [
    [
      1,
      null,
      209652396,
      null,
      [
        0.034000619256081735,
        0.17511415525114157
      ],
      1.3179211616516113,
      1,
      1707600310.4524002,
      1707600311.771244,
      {}
    ],
    [
      2,
      null,
      209652396,
      null,
      [
        0.14767280215409773,
        0.30987654320987656
      ],
      0.05783796310424805,
      1,
      1707600311.7729259,
      1707600311.831372,
      {}
    ],
    [
      3,
      null,
      209652396,
      null,
      [
        0.028828050857608728,
        0.19545454545454546
      ],
      1.0033411979675293,
      1,
      1707600311.83307,
      1707600312.836965,
      {}
    ],
    [
      4,
      null,
      209652396,
      null,
      [
        0.004949213832476929,
        0.09798657718120801
      ],
      3.280038833618164,
      1,
      1707600312.8394618,
      1707600316.120128,
      {}
    ],
    [
      5,
      null,
      209652396,
      null,
      [
        0.012319478267296874,
        0.1940691927512356
      ],
      5.212451219558716,
      1,
      1707600316.1224089,
      1707600321.335485,
      {}
    ],
    [
      6,
      null,
      209652396,
      null,
      [
        0.003799067587341047,
        0.10641025641025637
      ],
      2.63520884513855,
      1,
      1707600321.624338,
      1707600324.260095,
      {}
    ],
    [
      7,
      null,
      209652396,
      null,
      [
        0.07593252793847542,
        0.3801857585139319
      ],
      0.03505373001098633,
      1,
      1707600324.263044,
      1707600324.298684,
      {}
    ],
    [
      8,
      null,
      209652396,
      null,
      [
        0.026856745432362522,
        0.37192982456140344
      ],
      0.28674888610839844,
      1,
      1707600324.30131,
      1707600324.5885901,
      {}
    ],
    [
      9,
      null,
      209652396,
      null,
      [
        0.021443214056703644,
        0.1298651252408478
      ],
      0.46863603591918945,
      1,
      1707600324.5912588,
      1707600325.060436,
      {}
    ],
    [
      10,
      null,
      209652396,
      null,
      [
        0.03250459304867291,
        0.102283105022831
      ],
      1.5942130088806152,
      1,
      1707600325.06321,
      1707600326.658019,
      {}
    ],
    [
      11,
      null,
      209652396,
      null,
      [
        0.026671489970085074,
        0.11572327044025155
      ],
      0.9503962993621826,
      1,
      1707600326.661012,
      1707600327.611999,
      {}
    ],
    [
      12,
      null,
      209652396,
      null,
      [
        0.0011891064104828306,
        0.1985739750445633
      ],
      10.408581733703613,
      1,
      1707600327.6149771,
      1707600338.024134,
      {}
    ],
    [
      13,
      null,
      209652396,
      null,
      [
        0.00925106068243909,
        0.08039215686274509
      ],
      0.7158899307250977,
      1,
      1707600338.027721,
      1707600338.744189,
      {}
    ],
    [
      14,
      null,
      209652396,
      null,
      [
        0.031203332679954496,
        0.17020057306590253
      ],
      0.7080881595611572,
      1,
      1707600339.290015,
      1707600339.998636,
      {}
    ],
    [
      15,
      null,
      209652396,
      null,
      [
        0.02837146414652718,
        0.38984485190409024
      ],
      0.2591540813446045,
      1,
      1707600340.002781,
      1707600340.262505,
      {}
    ],
    [
      16,
      null,
      209652396,
      null,
      [
        0.035494337805152806,
        0.24135021097046416
      ],
      0.28147101402282715,
      1,
      1707600340.266623,
      1707600340.5486379,
      {}
    ],
    [
      17,
      null,
      209652396,
      null,
      [
        0.02058751811115954,
        0.18994708994708998
      ],
      0.5680298805236816,
      1,
      1707600340.5526552,
      1707600341.121224,
      {}
    ],
    [
      18,
      null,
      209652396,
      null,
      [
        0.022767569106872124,
        0.009155937052932717
      ],
      2.894723653793335,
      1,
      1707600341.125451,
      1707600344.020757,
      {}
    ],
    [
      19,
      null,
      209652396,
      null,
      [
        0.02246784207743248,
        0.022908622908622944
      ],
      1.8680620193481445,
      1,
      1707600344.025919,
      1707600345.8945699,
      {}
    ],
    [
      20,
      null,
      209652396,
      null,
      [
        0.030597250399129694,
        0.16756756756756752
      ],
      0.1726698875427246,
      1,
      1707600345.9005451,
      1707600346.073826,
      {}
    ]
  ],
  "configs": {
    "1": {
      "choice": 0.27420973585918546,
      "duplicate": 0,
      "loop": 0.6243590484932066,
      "lt_dependency": 0.11643280289135872,
      "mode": 12,
      "num_traces": 876,
      "or": 0,
      "parallel": 0.5005605065450072,
      "sequence": 0.9603757594153285,
      "silent": 0.9968127990048379
    },
    "2": {
      "choice": 0.7756838992610574,
      "duplicate": 0,
      "loop": 0.04211317901499569,
      "lt_dependency": 0.5104543915577233,
      "mode": 28,
      "num_traces": 324,
      "or": 0,
      "parallel": 0.5131619844958186,
      "sequence": 0.2709401994291693,
      "silent": 0.17004768340848386
    },
    "3": {
      "choice": 0.6535194861143827,
      "duplicate": 0,
      "loop": 0.9576082275714726,
      "lt_dependency": 0.32692241824232043,
      "mode": 21,
      "num_traces": 396,
      "or": 0,
      "parallel": 0.7672931762319058,
      "sequence": 0.6588770150579513,
      "silent": 0.4562873648200184
    },
    "4": {
      "choice": 0.16388946956023576,
      "duplicate": 0,
      "loop": 0.39516660073772075,
      "lt_dependency": 0.7955099861510098,
      "mode": 36,
      "num_traces": 745,
      "or": 0,
      "parallel": 0.25395125332288443,
      "sequence": 0.07748097266070544,
      "silent": 0.6486980180162937
    },
    "5": {
      "choice": 0.04490061519667506,
      "duplicate": 0,
      "loop": 0.8006045478861779,
      "lt_dependency": 0.6931793973967433,
      "mode": 32,
      "num_traces": 607,
      "or": 0,
      "parallel": 0.2829401990491897,
      "sequence": 0.520932387933135,
      "silent": 0.3123690354358405
    },
    "6": {
      "choice": 0.20336435480408502,
      "duplicate": 0,
      "loop": 0.39516660073772075,
      "lt_dependency": 0.7955099861510098,
      "mode": 33,
      "num_traces": 780,
      "or": 0,
      "parallel": 0.2262446680899897,
      "sequence": 0.010104538493939774,
      "silent": 0.6634467413704521
    },
    "7": {
      "choice": 0.6509908937228522,
      "duplicate": 0,
      "loop": 0.04211317901499569,
      "lt_dependency": 0.8041096522216818,
      "mode": 33,
      "num_traces": 323,
      "or": 0,
      "parallel": 0.3978035957564485,
      "sequence": 0.13442095822351482,
      "silent": 0.12185386550330338
    },
    "8": {
      "choice": 0.7576596761708618,
      "duplicate": 0,
      "loop": 0.23312061951761953,
      "lt_dependency": 0.7827238845235909,
      "mode": 38,
      "num_traces": 741,
      "or": 0,
      "parallel": 0.1376370346783048,
      "sequence": 0.12098316215954182,
      "silent": 0.1491242951839203
    },
    "9": {
      "choice": 0.6914819724072263,
      "duplicate": 0,
      "loop": 0.38960710363751994,
      "lt_dependency": 0.8342936470924586,
      "mode": 34,
      "num_traces": 519,
      "or": 0,
      "parallel": 0.442661634261348,
      "sequence": 0.24683415455543226,
      "silent": 0.2145671877128845
    },
    "10": {
      "choice": 0.5494343511669278,
      "duplicate": 0,
      "loop": 0.5336059705553754,
      "lt_dependency": 0.8713120267643509,
      "mode": 39,
      "num_traces": 657,
      "or": 0,
      "parallel": 0.06962321691297713,
      "sequence": 0.44421549832769713,
      "silent": 0.2519813360815867
    },