{
  "stats": {
    "submitted": 11,
    "finished": 10,
    "running": 1
  },
  "data": [
    [
      1,
      null,
      209652396,
      null,
      0.22521005315882903,
      4.235023021697998,
      1,
      1708709674.7987552,
      1708709679.034498,
      {}
    ],
    [
      1,
      null,
      398764591,
      null,
      0.22521005315882903,
      0.5201671123504639,
      1,
      1708709679.035964,
      1708709679.556749,
      {}
    ],
    [
      2,
      null,
      209652396,
      null,
      0.22521005315882903,
      0.027826309204101562,
      1,
      1708709679.558254,
      1708709679.586647,
      {}
    ],
    [
      2,
      null,
      398764591,
      null,
      0.22521005315882903,
      0.027779817581176758,
      1,
      1708709679.587666,
      1708709679.615957,
      {}
    ],
    [
      1,
      null,
      924231285,
      null,
      0.22521005315882903,
      0.4484889507293701,
      1,
      1708709679.617192,
      1708709680.066217,
      {}
    ],
    [
      3,
      null,
      209652396,
      null,
      0.22521005315882903,
      0.24669528007507324,
      1,
      1708709680.0675619,
      1708709680.314823,
      {}
    ],
    [
      3,
      null,
      398764591,
      null,
      0.22521005315882903,
      0.25084805488586426,
      1,
      1708709680.316097,
      1708709680.5675368,
      {}
    ],
    [
      3,
      null,
      924231285,
      null,
      0.22521005315882903,
      0.25383687019348145,
      1,
      1708709680.5687602,
      1708709680.823175,
      {}
    ],
    [
      4,
      null,
      209652396,
      null,
      0.22521005315882903,
      0.9054358005523682,
      1,
      1708709680.824805,
      1708709681.730825,
      {}
    ],
    [
      4,
      null,
      398764591,
      null,
      0.22521005315882903,
      0.8724219799041748,
      1,
      1708709681.7321541,
      1708709682.605182,
      {}
    ],
    [
      4,
      null,
      924231285,
      null,
      2147483647.0,
      0.0,
      0,
      0.0,
      0.0,
      {}
    ]
  ],
  "configs": {
    "1": {
      "choice": 0.27420973585918546,
      "duplicate": 0,
      "loop": 0.6243590484932066,
      "lt_dependency": 0.11643280289135872,
      "mode": 8,
      "num_traces": 8616,
      "or": 0,
      "parallel": 0.5005605065450072,
      "sequence": 0.9603757594153285,
      "silent": 0.9968127990048379
    },
    "2": {
      "choice": 0.7756838992610574,
      "duplicate": 0,
      "loop": 0.04211317901499569,
      "lt_dependency": 0.5104543915577233,
      "mode": 15,
      "num_traces": 2501,
      "or": 0,
      "parallel": 0.5131619844958186,
      "sequence": 0.2709401994291693,
      "silent": 0.17004768340848386
    },
    "3": {
      "choice": 0.6535194861143827,
      "duplicate": 0,
      "loop": 0.9576082275714726,
      "lt_dependency": 0.32692241824232043,
      "mode": 12,
      "num_traces": 3298,
      "or": 0,
      "parallel": 0.7672931762319058,
      "sequence": 0.6588770150579513,
      "silent": 0.4562873648200184
    },
    "4": {
      "choice": 0.16388946956023576,
      "duplicate": 0,
      "loop": 0.39516660073772075,
      "lt_dependency": 0.7955099861510098,
      "mode": 19,
      "num_traces": 7156,
      "or": 0,
      "parallel": 0.25395125332288443,
      "sequence": 0.07748097266070544,
      "silent": 0.6486980180162937
    }
  },
  "config_origins": {
    "1": "Initial Design: Sobol",
    "2": "Initial Design: Sobol",
    "3": "Initial Design: Sobol",
    "4": "Initial Design: Sobol"
  }
}