{
  "incumbent_ids": [
    1
  ],
  "rejected_config_ids": [],
  "incumbents_changed": 1,
  "trajectory": [
    {
      "config_ids": [
        1
      ],
      "costs": [
        [
          0.0021040321356535427,
          0.2256374594343996
        ]
      ],
      "trial": 1,
      "walltime": 4.340795993804932
    }
  ],
  "state": {
    "queue": [
      [
        2,
        1
      ]
    ]
  }
}