{
  "incumbent_ids": [
    1,
    2,
    3
  ],
  "rejected_config_ids": [],
  "incumbents_changed": 3,
  "trajectory": [
    {
      "config_ids": [
        1
      ],
      "costs": [
        [
          0.00022831050228311334,
          0.33457726564410784
        ]
      ],
      "trial": 1,
      "walltime": 17.21813726425171
    },
    {
      "config_ids": [
        1,
        2
      ],
      "costs": [
        [
          0.00022831050228311334,
          0.33457726564410784
        ],
        [
          0.29074074074074074,
          0.2877038090983091
        ]
      ],
      "trial": 2,
      "walltime": 17.4425630569458
    },
    {
      "config_ids": [
        1,
        2,
        3
      ],
      "costs": [
        [
          0.00022831050228311334,
          0.33457726564410784
        ],
        [
          0.29074074074074074,
          0.2877038090983091
        ],
        [
          0.0005050505050505083,
          0.31485774532191946
        ]
      ],
      "trial": 3,
      "walltime": 36.54956007003784
    }
  ],
  "state": {
    "queue": [
      [
        4,
        1
      ]
    ]
  }
}