{
  "incumbent_ids": [
    1
  ],
  "rejected_config_ids": [],
  "incumbents_changed": 1,
  "trajectory": [
    {
      "config_ids": [
        1
      ],
      "costs": [
        [
          0.006028176975970911,
          0.20906950499197147
        ]
      ],
      "trial": 1,
      "walltime": 1.430798053741455
    }
  ],
  "state": {
    "queue": [
      [
        2,
        1
      ]
    ]
  }
}