{
  "incumbent_ids": [
    1
  ],
  "rejected_config_ids": [],
  "incumbents_changed": 1,
  "trajectory": [
    {
      "config_ids": [
        1
      ],
      "costs": [
        [
          0.016245771021279484,
          0.9980510079073394
        ]
      ],
      "trial": 1,
      "walltime": 122.86205291748047
    }
  ],
  "state": {
    "queue": [
      [
        2,
        1
      ]
    ]
  }
}