{
  "stats": {
    "submitted": 20,
    "finished": 20,
    "running": 0
  },
  "data": [
    [
      1,
      null,
      209652396,
      null,
      [
        0.021995850578885534,
        0.21438356164383596
      ],
      1.476288080215454,
      1,
      1707415107.0288482,
      1707415108.5057988,
      {}
    ],
    [
      2,
      null,
      209652396,
      null,
      [
        0.15480488170110107,
        0.03024691358024658
      ],
      0.23064708709716797,
      1,
      1707415108.50761,
      1707415108.738934,
      {}
    ],
    [
      3,
      null,
      209652396,
      null,
      [
        0.07040245382690652,
        0.10303030303030336
      ],
      1.0482978820800781,
      1,
      1707415108.7411861,
      1707415109.790129,
      {}
    ],
    [
      4,
      null,
      209652396,
      null,
      [
        0.08622914717506619,
        0.11431767337807641
      ],
      6.423757076263428,
      1,
      1707415109.793233,
      1707415116.217653,
      {}
    ],
    [
      5,
      null,
      209652396,
      null,
      [
        0.05559227617969609,
        0.016858868753431847
      ],
      2.8005969524383545,
      1,
      1707415116.220725,
      1707415119.021961,
      {}
    ],
    [
      6,
      null,
      209652396,
      null,
      [
        0.05898831095885215,
        0.00450450450450484
      ],
      2.4107370376586914,
      1,
      1707415119.316072,
      1707415121.727459,
      {}
    ],
    [
      7,
      null,
      209652396,
      null,
      [
        0.06180971754580472,
        0.4575342465753428
      ],
      0.234375,
      1,
      1707415121.730814,
      1707415121.965802,
      {}
    ],
    [
      8,
      null,
      209652396,
      null,
      [
        0.07006251899432386,
        0.15161564625850374
      ],
      5.316225051879883,
      1,
      1707415121.969271,
      1707415127.2861812,
      {}
    ],
    [
      9,
      null,
      209652396,
      null,
      [
        0.010773581741726934,
        0.2305841924398629
      ],
      0.20610570907592773,
      1,
      1707415127.289908,
      1707415127.4966211,
      {}
    ],
    [
      10,
      null,
      209652396,
      null,
      [
        0.07388888903487822,
        0.2159663865546222
      ],
      3.6171350479125977,
      1,
      1707415127.50066,
      1707415131.118411,
      {}
    ],
    [
      11,
      null,
      209652396,
      null,
      [
        0.0031840144260318892,
        0.2170068027210888
      ],
      1.4739739894866943,
      1,
      1707415131.122721,
      1707415132.5973902,
      {}
    ],
    [
      12,
      null,
      209652396,
      null,
      [
        0.07987693813898267,
        0.21476407914764112
      ],
      3.294934034347534,
      1,
      1707415132.602185,
      1707415135.897755,
      {}
    ],
    [
      13,
      null,
      209652396,
      null,
      [
        0.12104549739026238,
        0.03288288288288322
      ],
      0.21136093139648438,
      1,
      1707415135.902334,
      1707415136.114309,
      {}
    ],
    [
      14,
      null,
      209652396,
      null,
      [
        0.07770723138507102,
        0.18303030303030338
      ],
      3.543917179107666,
      1,
      1707415136.65036,
      1707415140.194867,
      {}
    ],
    [
      15,
      null,
      209652396,
      null,
      [
        0.06190914446788015,
        0.0036792970895109245
      ],
      2.9598469734191895,
      1,
      1707415140.19949,
      1707415143.1600661,
      {}
    ],
    [
      16,
      null,
      209652396,
      null,
      [
        0.11349279065337636,
        0.032071141709696264
      ],
      8.068817853927612,
      1,
      1707415143.165238,
      1707415151.234715,
      {}
    ],
    [
      17,
      null,
      209652396,
      null,
      [
        0.1350863116340898,
        0.03160621761657998
      ],
      0.781059980392456,
      1,
      1707415151.240007,
      1707415152.021756,
      {}
    ],
    [
      18,
      null,
      209652396,
      null,
      [
        0.07247963653976736,
        0.21707317073170768
      ],
      2.6053249835968018,
      1,
      1707415152.0272121,
      1707415154.633203,
      {}
    ],
    [
      19,
      null,
      209652396,
      null,
      [
        0.011839391482777684,
        0.19579923622476847
      ],
      1.2999029159545898,
      1,
      1707415154.638561,
      1707415155.939092,
      {}
    ],
    [
      20,
      null,
      209652396,
      null,
      [
        0.07727030188251616,
        0.028828828828828496
      ],
      0.24822402000427246,
      1,
      1707415155.945139,
      1707415156.19401,
      {}
    ]
  ],
  "configs": {
    "1": {
      "choice": 0.27420973585918546,
      "duplicate": 0,
      "loop": 0.6243590484932066,
      "lt_dependency": 0.11643280289135872,
      "mode": 12,
      "num_traces": 876,
      "or": 0,
      "parallel": 0.5005605065450072,
      "sequence": 0.9603757594153285,
      "silent": 0.9968127990048379
    },
    "2": {
      "choice": 0.7756838992610574,
      "duplicate": 0,
      "loop": 0.04211317901499569,
      "lt_dependency": 0.5104543915577233,
      "mode": 28,
      "num_traces": 324,
      "or": 0,
      "parallel": 0.5131619844958186,
      "sequence": 0.2709401994291693,
      "silent": 0.17004768340848386
    },
    "3": {
      "choice": 0.6535194861143827,
      "duplicate": 0,
      "loop": 0.9576082275714726,
      "lt_dependency": 0.32692241824232043,
      "mode": 21,
      "num_traces": 396,
      "or": 0,
      "parallel": 0.7672931762319058,
      "sequence": 0.6588770150579513,
      "silent": 0.4562873648200184
    },
    "4": {
      "choice": 0.16388946956023576,
      "duplicate": 0,
      "loop": 0.39516660073772075,
      "lt_dependency": 0.7955099861510098,
      "mode": 36,
      "num_traces": 745,
      "or": 0,
      "parallel": 0.25395125332288443,
      "sequence": 0.07748097266070544,
      "silent": 0.6486980180162937
    },
    "5": {
      "choice": 0.04490061519667506,
      "duplicate": 0,
      "loop": 0.8006045478861779,
      "lt_dependency": 0.6931793973967433,
      "mode": 32,
      "num_traces": 607,
      "or": 0,
      "parallel": 0.2829401990491897,
      "sequence": 0.520932387933135,
      "silent": 0.3123690354358405
    },
    "6": {
      "choice": 0.1409247750270879,
      "duplicate": 0,
      "loop": 0.7177749915241759,
      "lt_dependency": 0.6429220333992391,
      "mode": 31,
      "num_traces": 555,
      "or": 0,
      "parallel": 0.16058660104684772,
      "sequence": 0.5542545627068034,
      "silent": 0.2714477232023084
    },
    "7": {
      "choice": 0.02207113247383661,
      "duplicate": 0,
      "loop": 0.8530020961495914,
      "lt_dependency": 0.11643280289135872,
      "mode": 5,
      "num_traces": 876,
      "or": 0,
      "parallel": 0.28490549105658103,
      "sequence": 0.9313609350281533,
      "silent": 0.9577326113213711
    },
    "8": {
      "choice": 0.15169009541969516,
      "duplicate": 0,
      "loop": 0.3929537809316909,
      "lt_dependency": 0.6491659824881565,
      "mode": 36,
      "num_traces": 784,
      "or": 0,
      "parallel": 0.2767430086924369,
      "sequence": 0.1373303825301073,
      "silent": 0.5739268723282137
    },
    "9": {
      "choice": 0.39576012020917145,
      "duplicate": 0,
      "loop": 0.9464204979757824,
      "lt_dependency": 0.03001621346592246,
      "mode": 9,
      "num_traces": 485,
      "or": 0,
      "parallel": 0.3210724541824839,
      "sequence": 0.2087720722145154,
      "silent": 0.5822775476721302
    },
    "10": {
      "choice": 0.5847264124744798,
      "duplicate": 0,
      "loop": 0.5336059705553754,
      "lt_dependency": 0.8424075241236271,
      "mode": 39,
      "num_traces": 714,
      "or": 0,
      "parallel": 0.0437785528412783,
      "sequence": 0.44421549832769713,
      "silent": 0.2057898372800869
    },