{
  "incumbent_ids": [
    4
  ],
  "rejected_config_ids": [
    1,
    3
  ],
  "incumbents_changed": 3,
  "trajectory": [
    {
      "config_ids": [
        1
      ],
      "costs": [
        [
          0.01,
          0.03375422897872052
        ]
      ],
      "trial": 1,
      "walltime": 2.2024741172790527
    },
    {
      "config_ids": [
        3
      ],
      "costs": [
        [
          0.01,
          0.007951827349262967
        ]
      ],
      "trial": 3,
      "walltime": 3.6909871101379395
    },
    {
      "config_ids": [
        4
      ],
      "costs": [
        [
          0.01,
          0.005954652831009627
        ]
      ],
      "trial": 4,
      "walltime": 4.94766902923584
    }
  ],
  "state": {
    "queue": [
      [
        5,
        1
      ]
    ]
  }
}