{
  "incumbent_ids": [
    15
  ],
  "rejected_config_ids": [
    1,
    2
  ],
  "incumbents_changed": 3,
  "trajectory": [
    {
      "config_ids": [
        1
      ],
      "costs": [
        [
          Infinity,
          Infinity
        ]
      ],
      "trial": 1,
      "walltime": 0.003468036651611328
    },
    {
      "config_ids": [
        2
      ],
      "costs": [
        [
          0.0942237913295394,
          0.2272369825310349
        ]
      ],
      "trial": 2,
      "walltime": 0.15606307983398438
    },
    {
      "config_ids": [
        15
      ],
      "costs": [
        [
          0.06037654948186555,
          0.017495148270587027
        ]
      ],
      "trial": 15,
      "walltime": 1.5829651355743408
    }
  ],
  "state": {
    "queue": [
      [
        20,
        1
      ]
    ]
  }
}