{
  "stats": {
    "submitted": 20,
    "finished": 20,
    "running": 0
  },
  "data": [
    [
      1,
      null,
      209652396,
      null,
      0.08326478688131178,
      7.450230836868286,
      1,
      1708701123.260622,
      1708701130.7116401,
      {}
    ],
    [
      2,
      null,
      209652396,
      null,
      0.08326478688131178,
      0.18320107460021973,
      1,
      1708701130.713613,
      1708701130.897512,
      {}
    ],
    [
      3,
      null,
      209652396,
      null,
      0.08326478688131178,
      0.25990891456604004,
      1,
      1708701130.899672,
      1708701131.160911,
      {}
    ],
    [
      4,
      null,
      209652396,
      null,
      0.08326478688131178,
      1.895493745803833,
      1,
      1708701131.164087,
      1708701133.06094,
      {}
    ],
    [
      5,
      null,
      209652396,
      null,
      0.08326478688131178,
      2.8181703090667725,
      1,
      1708701133.065086,
      1708701135.884651,
      {}
    ],
    [
      6,
      null,
      209652396,
      null,
      0.08326478688131178,
      0.11656498908996582,
      1,
      1708701136.23231,
      1708701136.34958,
      {}
    ],
    [
      7,
      null,
      209652396,
      null,
      0.08326478688131178,
      0.28583288192749023,
      1,
      1708701136.352633,
      1708701136.639146,
      {}
    ],
    [
      8,
      null,
      209652396,
      null,
      0.08326478688131178,
      0.33313798904418945,
      1,
      1708701136.6415,
      1708701136.9753249,
      {}
    ],
    [
      9,
      null,
      209652396,
      null,
      0.08326478688131178,
      0.01842522621154785,
      1,
      1708701136.9781451,
      1708701136.998026,
      {}
    ],
    [
      10,
      null,
      209652396,
      null,
      0.08326478688131178,
      0.10841917991638184,
      1,
      1708701137.00446,
      1708701137.113605,
      {}
    ],
    [
      11,
      null,
      209652396,
      null,
      0.08326478688131178,
      0.8324313163757324,
      1,
      1708701137.116292,
      1708701137.9494112,
      {}
    ],
    [
      12,
      null,
      209652396,
      null,
      0.08326478688131178,
      0.23118209838867188,
      1,
      1708701137.953877,
      1708701138.185737,
      {}
    ],
    [
      13,
      null,
      209652396,
      null,
      0.08326478688131178,
      0.8721499443054199,
      1,
      1708701138.188467,
      1708701139.061321,
      {}
    ],
    [
      14,
      null,
      209652396,
      null,
      0.08326478688131178,
      2.1941702365875244,
      1,
      1708701139.598124,
      1708701141.792979,
      {}
    ],
    [
      15,
      null,
      209652396,
      null,
      0.08326478688131178,
      0.4971940517425537,
      1,
      1708701141.799731,
      1708701142.299432,
      {}
    ],
    [
      16,
      null,
      209652396,
      null,
      0.08326478688131178,
      0.8564221858978271,
      1,
      1708701142.302134,
      1708701143.1592362,
      {}
    ],
    [
      17,
      null,
      209652396,
      null,
      0.08326478688131178,
      0.299685001373291,
      1,
      1708701143.16223,
      1708701143.46265,
      {}
    ],
    [
      18,
      null,
      209652396,
      null,
      0.08326478688131178,
      0.006077289581298828,
      1,
      1708701143.4680161,
      1708701143.474806,
      {}
    ],
    [
      19,
      null,
      209652396,
      null,
      0.08326478688131178,
      0.052744150161743164,
      1,
      1708701143.482073,
      1708701143.537927,
      {}
    ],
    [
      20,
      null,
      209652396,
      null,
      0.08326478688131178,
      0.05475306510925293,
      1,
      1708701143.54112,
      1708701143.598002,
      {}
    ]
  ],
  "configs": {
    "1": {
      "choice": 0.27420973585918546,
      "duplicate": 0,
      "loop": 0.6243590484932066,
      "lt_dependency": 0.11643280289135872,
      "mode": 8,
      "num_traces": 8616,
      "or": 0,
      "parallel": 0.5005605065450072,
      "sequence": 0.9603757594153285,
      "silent": 0.9968127990048379
    },
    "2": {
      "choice": 0.7756838992610574,
      "duplicate": 0,
      "loop": 0.04211317901499569,
      "lt_dependency": 0.5104543915577233,
      "mode": 15,
      "num_traces": 2501,
      "or": 0,
      "parallel": 0.5131619844958186,
      "sequence": 0.2709401994291693,
      "silent": 0.17004768340848386
    },
    "3": {
      "choice": 0.6535194861143827,
      "duplicate": 0,
      "loop": 0.9576082275714726,
      "lt_dependency": 0.32692241824232043,
      "mode": 12,
      "num_traces": 3298,
      "or": 0,
      "parallel": 0.7672931762319058,
      "sequence": 0.6588770150579513,
      "silent": 0.4562873648200184
    },
    "4": {
      "choice": 0.16388946956023576,
      "duplicate": 0,
      "loop": 0.39516660073772075,
      "lt_dependency": 0.7955099861510098,
      "mode": 19,
      "num_traces": 7156,
      "or": 0,
      "parallel": 0.25395125332288443,
      "sequence": 0.07748097266070544,
      "silent": 0.6486980180162937
    },
    "5": {
      "choice": 0.04490061519667506,
      "duplicate": 0,
      "loop": 0.8006045478861779,
      "lt_dependency": 0.6931793973967433,
      "mode": 17,
      "num_traces": 5626,
      "or": 0,
      "parallel": 0.2829401990491897,
      "sequence": 0.520932387933135,
      "silent": 0.3123690354358405
    },
    "6": {
      "choice": 0.892855270774259,
      "duplicate": 0,
      "loop": 0.09625800670452529,
      "lt_dependency": 0.7827238845235909,
      "mode": 17,
      "num_traces": 6822,
      "or": 0,
      "parallel": 0.1376370346783048,
      "sequence": 0.1696964227061463,
      "silent": 0.14680112183512767
    },
    "7": {
      "choice": 0.7180374727086953,
      "duplicate": 0,
      "loop": 0.38960710363751994,
      "lt_dependency": 0.8342936470924586,
      "mode": 15,
      "num_traces": 5689,
      "or": 0,
      "parallel": 0.442661634261348,
      "sequence": 0.3700736632331964,
      "silent": 0.2607586865143843
    },
    "8": {
      "choice": 0.6494351719359895,
      "duplicate": 0,
      "loop": 0.9263406719097345,
      "lt_dependency": 0.8011669785745563,
      "mode": 11,
      "num_traces": 6174,
      "or": 0,
      "parallel": 0.6739314909219778,
      "sequence": 0.11102436264054778,
      "silent": 0.11927138975266208
    },
    "9": {
      "choice": 0.6067357423109274,
      "duplicate": 0,
      "loop": 0.7938077877018379,
      "lt_dependency": 0.780375183440352,
      "mode": 7,
      "num_traces": 197,
      "or": 0,
      "parallel": 0.7006548839679922,
      "sequence": 0.5744948027137008,
      "silent": 0.47164766512774325
    },
    "10": {
      "choice": 0.5533253688880515,
      "duplicate": 0,
      "loop": 0.964026132896019,
      "lt_dependency": 0.03001621346592246,
      "mode": 6,
      "num_traces": 4567,
      "or": 0,
      "parallel": 0.36591282156804816,
      "sequence": 0.322274067414942,
      "silent": 0.6565772422107444
    },
    "11": {
      "choice": 0.5494343511669278,
      "duplicate": 0,
      "loop": 0.5336059705553754,
      "lt_dependency": 0.8713120267643509,
      "mode": 20,
      "num_traces": 6181,
      "or": 0,
      "parallel": 0.06962321691297713,
      "sequence": 0.44421549832769713,
      "silent": 0.2519813360815867
    },
    "12": {
      "choice": 0.4432113391500656,
      "duplicate": 0,
      "loop": 0.08032569761590806,
      "lt_dependency": 0.46686456863040254,
      "mode": 9,
      "num_traces": 9439,
      "or": 0,
      "parallel": 0.2182787354631025,
      "sequence": 0.21678798853388634,
      "silent": 0.6597662935706207
    },
    "13": {
      "choice": 0.42941825134551564,
      "duplicate": 0,
      "loop": 0.572364115482993,
      "lt_dependency": 0.9788321588104364,
      "mode": 13,
      "num_traces": 6126,
      "or": 0,
      "parallel": 0.670099048291211,
      "sequence": 0.9884900996786339,