{
  "stats": {
    "submitted": 20,
    "finished": 20,
    "running": 0
  },
  "data": [
    [
      1,
      null,
      209652396,
      null,
      [
        0.021995850578885534,
        0.21438356164383596
      ],
      1.4769279956817627,
      1,
      1707414975.9772348,
      1707414977.4548638,
      {}
    ],
    [
      2,
      null,
      209652396,
      null,
      [
        0.050692012979840495,
        0.24753086419753123
      ],
      0.04448270797729492,
      1,
      1707414977.457727,
      1707414977.502888,
      {}
    ],
    [
      3,
      null,
      209652396,
      null,
      [
        0.05843769325143516,
        0.1055555555555559
      ],
      0.7096540927886963,
      1,
      1707414977.505034,
      1707414978.215318,
      {}
    ],
    [
      4,
      null,
      209652396,
      null,
      [
        0.051425093140271216,
        0.023937360178970586
      ],
      6.065929889678955,
      1,
      1707414978.217737,
      1707414984.284333,
      {}
    ],
    [
      5,
      null,
      209652396,
      null,
      [
        0.019473638577119923,
        0.031685886875342885
      ],
      3.105987787246704,
      1,
      1707414984.2874591,
      1707414987.394193,
      {}
    ],
    [
      6,
      null,
      209652396,
      null,
      [
        0.05990122914808249,
        0.09601990049751277
      ],
      3.0105249881744385,
      1,
      1707414987.691564,
      1707414990.7027352,
      {}
    ],
    [
      7,
      null,
      209652396,
      null,
      [
        0.01817231868259428,
        0.030054644808742835
      ],
      5.124526739120483,
      1,
      1707414990.705772,
      1707414995.831017,
      {}
    ],
    [
      8,
      null,
      209652396,
      null,
      [
        0.0585322018853876,
        0.02731648616125117
      ],
      10.826612949371338,
      1,
      1707414995.8346071,
      1707415006.6619189,
      {}
    ],
    [
      9,
      null,
      209652396,
      null,
      [
        0.036065822724003826,
        0.021138211382113487
      ],
      0.5449690818786621,
      1,
      1707415006.665343,
      1707415007.210964,
      {}
    ],
    [
      10,
      null,
      209652396,
      null,
      [
        0.09316626856713961,
        0.22813455657492387
      ],
      0.15935397148132324,
      1,
      1707415007.214401,
      1707415007.374351,
      {}
    ],
    [
      11,
      null,
      209652396,
      null,
      [
        0.06606310470208315,
        0.1373983739837402
      ],
      0.11533784866333008,
      1,
      1707415007.377685,
      1707415007.4936252,
      {}
    ],
    [
      12,
      null,
      209652396,
      null,
      [
        0.09757210085720947,
        0.21545893719806797
      ],
      0.18426084518432617,
      1,
      1707415007.496911,
      1707415007.681756,
      {}
    ],
    [
      13,
      null,
      209652396,
      null,
      [
        0.04362175748296693,
        0.01961382113821105
      ],
      0.5802760124206543,
      1,
      1707415007.685078,
      1707415008.26597,
      {}
    ],
    [
      14,
      null,
      209652396,
      null,
      [
        0.047708885482345365,
        0.031147540983606226
      ],
      10.145385980606079,
      1,
      1707415008.830681,
      1707415018.976712,
      {}
    ],
    [
      15,
      null,
      209652396,
      null,
      [
        0.08661713012236527,
        0.01147540983606524
      ],
      15.108043909072876,
      1,
      1707415018.981042,
      1707415034.089803,
      {}
    ],
    [
      16,
      null,
      209652396,
      null,
      [
        0.02726557834257809,
        0.03119429590017792
      ],
      7.060556173324585,
      1,
      1707415034.094656,
      1707415041.15602,
      {}
    ],
    [
      17,
      null,
      209652396,
      null,
      [
        0.011445967664630352,
        0.3358306188925085
      ],
      0.6343700885772705,
      1,
      1707415041.160918,
      1707415041.7959309,
      {}
    ],
    [
      18,
      null,
      209652396,
      null,
      [
        0.06293150198372771,
        0.25003646973012433
      ],
      0.4154701232910156,
      1,
      1707415041.8013299,
      1707415042.21742,
      {}
    ],
    [
      19,
      null,
      209652396,
      null,
      [
        0.0061803647304149445,
        0.23230881814855503
      ],
      0.13300776481628418,
      1,
      1707415042.222999,
      1707415042.356601,
      {}
    ],
    [
      20,
      null,
      209652396,
      null,
      [
        0.00862674535288599,
        0.21891891891891924
      ],
      0.08772015571594238,
      1,
      1707415042.36242,
      1707415042.450718,
      {}
    ]
  ],
  "configs": {
    "1": {
      "choice": 0.27420973585918546,
      "duplicate": 0,
      "loop": 0.6243590484932066,
      "lt_dependency": 0.11643280289135872,
      "mode": 12,
      "num_traces": 876,
      "or": 0,
      "parallel": 0.5005605065450072,
      "sequence": 0.9603757594153285,
      "silent": 0.9968127990048379
    },
    "2": {
      "choice": 0.7756838992610574,
      "duplicate": 0,
      "loop": 0.04211317901499569,
      "lt_dependency": 0.5104543915577233,
      "mode": 28,
      "num_traces": 324,
      "or": 0,
      "parallel": 0.5131619844958186,
      "sequence": 0.2709401994291693,
      "silent": 0.17004768340848386
    },
    "3": {
      "choice": 0.6535194861143827,
      "duplicate": 0,
      "loop": 0.9576082275714726,
      "lt_dependency": 0.32692241824232043,
      "mode": 21,
      "num_traces": 396,
      "or": 0,
      "parallel": 0.7672931762319058,
      "sequence": 0.6588770150579513,
      "silent": 0.4562873648200184
    },
    "4": {
      "choice": 0.16388946956023576,
      "duplicate": 0,
      "loop": 0.39516660073772075,
      "lt_dependency": 0.7955099861510098,
      "mode": 36,
      "num_traces": 745,
      "or": 0,
      "parallel": 0.25395125332288443,
      "sequence": 0.07748097266070544,
      "silent": 0.6486980180162937
    },
    "5": {
      "choice": 0.04490061519667506,
      "duplicate": 0,
      "loop": 0.8006045478861779,
      "lt_dependency": 0.6931793973967433,
      "mode": 32,
      "num_traces": 607,
      "or": 0,
      "parallel": 0.2829401990491897,
      "sequence": 0.520932387933135,
      "silent": 0.3123690354358405
    },
    "6": {
      "choice": 0.04490061519667506,
      "duplicate": 0,
      "loop": 0.8773613386515807,
      "lt_dependency": 0.793851087255266,
      "mode": 32,
      "num_traces": 603,
      "or": 0,
      "parallel": 0.2829401990491897,
      "sequence": 0.390499851864893,
      "silent": 0.3123690354358405
    },
    "7": {
      "choice": 0.046661204733702825,
      "duplicate": 0,
      "loop": 0.8472346855219013,
      "lt_dependency": 0.15085537524158626,
      "mode": 22,
      "num_traces": 915,
      "or": 0,
      "parallel": 0.4537444316291088,
      "sequence": 0.8645716295462412,
      "silent": 0.9968127990048379
    },
    "8": {
      "choice": 0.06602996627249406,
      "duplicate": 0,
      "loop": 0.23239877451393268,
      "lt_dependency": 0.7931641176254879,
      "mode": 40,
      "num_traces": 831,
      "or": 0,
      "parallel": 0.2294888396789856,
      "sequence": 0.07748097266070544,
      "silent": 0.7485301040177724
    },
    "9": {
      "choice": 0.7665563733575435,
      "duplicate": 0,
      "loop": 0.960449606133969,
      "lt_dependency": 0.8280921473205778,
      "mode": 16,
      "num_traces": 656,
      "or": 0,
      "parallel": 0.4664910325366524,
      "sequence": 0.11102436264054778,
      "silent": 0.18577400552889023
    },
    "10": {
      "choice": 0.5212595872396312,
      "duplicate": 0,
      "loop": 0.8262800504325734,
      "lt_dependency": 0.8897065744125127,
      "mode": 15,
      "num_traces": 654,
      "or": 0,
      "parallel": 0.670099048291211,
      "sequence": 0.9884900996786339,
      "silent": 0.2871957095282677
    },