{
  "incumbent_ids": [
    1,
    2,
    3
  ],
  "rejected_config_ids": [],
  "incumbents_changed": 3,
  "trajectory": [
    {
      "config_ids": [
        1
      ],
      "costs": [
        [
          0.08225247110346168,
          0.001707450337586475
        ]
      ],
      "trial": 1,
      "walltime": 11.374201774597168
    },
    {
      "config_ids": [
        1,
        2
      ],
      "costs": [
        [
          0.08225247110346168,
          0.001707450337586475
        ],
        [
          0.01829054791242901,
          0.247150997150998
        ]
      ],
      "trial": 2,
      "walltime": 11.543441772460938
    },
    {
      "config_ids": [
        1,
        2,
        3
      ],
      "costs": [
        [
          0.08225247110346168,
          0.001707450337586475
        ],
        [
          0.01829054791242901,
          0.247150997150998
        ],
        [
          0.15259503983387912,
          0.00032375032374947453
        ]
      ],
      "trial": 3,
      "walltime": 24.178277730941772
    }
  ],
  "state": {
    "queue": [
      [
        4,
        1
      ]
    ]
  }
}