{
  "incumbent_ids": [
    1
  ],
  "rejected_config_ids": [],
  "incumbents_changed": 1,
  "trajectory": [
    {
      "config_ids": [
        1
      ],
      "costs": [
        [
          0.05032921001960711,
          0.15106593809882496
        ]
      ],
      "trial": 1,
      "walltime": 7.603584051132202
    }
  ],
  "state": {
    "queue": [
      [
        2,
        1
      ]
    ]
  }
}