{
  "stats": {
    "submitted": 2,
    "finished": 2,
    "running": 0
  },
  "data": [
    [
      1,
      null,
      209652396,
      null,
      [
        0.05032921001960711,
        0.15106593809882496
      ],
      7.601724147796631,
      1,
      1708688631.04718,
      1708688638.6496599,
      {}
    ],
    [
      2,
      null,
      209652396,
      null,
      [
        0.05032921001960711,
        0.15106593809882496
      ],
      0.1996290683746338,
      1,
      1708688638.8012748,
      1708688639.001569,
      {}
    ]
  ],
  "configs": {
    "1": {
      "choice": 0.27420973585918546,
      "duplicate": 0,
      "loop": 0.6243590484932066,
      "lt_dependency": 0.11643280289135872,
      "mode": 8,
      "num_traces": 8616,
      "or": 0,
      "parallel": 0.5005605065450072,
      "sequence": 0.9603757594153285,
      "silent": 0.9968127990048379
    },
    "2": {
      "choice": 0.892855270774259,
      "duplicate": 0,
      "loop": 0.09625800670452529,
      "lt_dependency": 0.7827238845235909,
      "mode": 17,
      "num_traces": 6822,
      "or": 0,
      "parallel": 0.1376370346783048,
      "sequence": 0.1696964227061463,
      "silent": 0.14680112183512767
    }
  },
  "config_origins": {
    "1": "Initial Design: Sobol",
    "2": "Acquisition Function Maximizer: Random Search (sorted)"
  }
}