{
  "stats": {
    "submitted": 20,
    "finished": 20,
    "running": 0
  },
  "data": [
    [
      1,
      null,
      209652396,
      null,
      [
        0.7762557077625571,
        0.08375422897872052
      ],
      0.7064623832702637,
      1,
      1706654118.991456,
      1706654119.6993961,
      {}
    ],
    [
      2,
      null,
      209652396,
      null,
      [
        0.441358024691358,
        0.22730639775954176
      ],
      0.012400150299072266,
      1,
      1706654119.702223,
      1706654119.715337,
      {}
    ],
    [
      3,
      null,
      209652396,
      null,
      [
        0.8005050505050505,
        0.06934381097163266
      ],
      0.5309450626373291,
      1,
      1706654119.71842,
      1706654120.2500968,
      {}
    ],
    [
      4,
      null,
      209652396,
      null,
      [
        0.40402684563758384,
        0.05097423173588209
      ],
      0.8913252353668213,
      1,
      1706654120.253851,
      1706654121.1460218,
      {}
    ],
    [
      5,
      null,
      209652396,
      null,
      [
        0.7545304777594728,
        0.07097015758582095
      ],
      2.6158459186553955,
      1,
      1706654121.1492171,
      1706654123.765843,
      {}
    ],
    [
      6,
      null,
      209652396,
      null,
      [
        0.5213454075032342,
        0.04239176704041318
      ],
      1.185133934020996,
      1,
      1706654124.258857,
      1706654125.445437,
      {}
    ],
    [
      7,
      null,
      209652396,
      null,
      [
        0.3322259136212624,
        100.0
      ],
      0.019149065017700195,
      1,
      1706654125.450952,
      1706654125.471675,
      {}
    ],
    [
      8,
      null,
      209652396,
      null,
      [
        0.8,
        0.04888110005294184
      ],
      5.711257219314575,
      1,
      1706654125.481445,
      1706654131.194151,
      {}
    ],
    [
      9,
      null,
      209652396,
      null,
      [
        0.4683026584867076,
        100.0
      ],
      0.0586400032043457,
      1,
      1706654131.198123,
      1706654131.257409,
      {}
    ],
    [
      10,
      null,
      209652396,
      null,
      [
        0.24615384615384617,
        0.05468483122048327
      ],
      0.022943973541259766,
      1,
      1706654131.261195,
      1706654131.284769,
      {}
    ],
    [
      11,
      null,
      209652396,
      null,
      [
        0.7720465890183028,
        0.05933722418163165
      ],
      0.9053089618682861,
      1,
      1706654131.2888908,
      1706654132.194883,
      {}
    ],
    [
      12,
      null,
      209652396,
      null,
      [
        0.4140030441400304,
        100.0
      ],
      0.09281182289123535,
      1,
      1706654132.1989608,
      1706654132.292415,
      {}
    ],
    [
      13,
      null,
      209652396,
      null,
      [
        0.7296416938110749,
        0.08140793521779172
      ],
      0.22238898277282715,
      1,
      1706654132.296339,
      1706654132.51935,
      {}
    ],
    [
      14,
      null,
      209652396,
      null,
      [
        0.2646276595744681,
        100.0
      ],
      0.007485866546630859,
      1,
      1706654133.1443799,
      1706654133.152433,
      {}
    ],
    [
      15,
      null,
      209652396,
      null,
      [
        0.10563380281690138,
        0.04213992242920481
      ],
      0.017124176025390625,
      1,
      1706654133.1562612,
      1706654133.173911,
      {}
    ],
    [
      16,
      null,
      209652396,
      null,
      [
        0.4901960784313726,
        100.0
      ],
      0.009071111679077148,
      1,
      1706654133.1769679,
      1706654133.1865642,
      {}
    ],
    [
      17,
      null,
      209652396,
      null,
      [
        0.3245382585751979,
        0.08147001564659484
      ],
      0.02917194366455078,
      1,
      1706654133.189416,
      1706654133.219104,
      {}
    ],
    [
      18,
      null,
      209652396,
      null,
      [
        0.3250327653997379,
        0.05066050180557063
      ],
      0.08001899719238281,
      1,
      1706654133.221994,
      1706654133.3025548,
      {}
    ],
    [
      19,
      null,
      209652396,
      null,
      [
        0.3808322824716267,
        0.08410153334636015
      ],
      0.051702022552490234,
      1,
      1706654133.305871,
      1706654133.3581388,
      {}
    ],
    [
      20,
      null,
      209652396,
      null,
      [
        0.5675675675675675,
        0.08357573579412883
      ],
      0.19144320487976074,
      1,
      1706654133.361341,
      1706654133.553358,
      {}
    ]
  ],
  "configs": {
    "1": {
      "choice": 0.27420973585918546,
      "duplicate": 0,
      "loop": 0.6243590484932066,
      "lt_dependency": 0.11643280289135872,
      "mode": 12,
      "num_traces": 876,
      "or": 0,
      "parallel": 0.5005605065450072,
      "sequence": 0.9603757594153285,
      "silent": 0.9968127990048379
    },
    "2": {
      "choice": 0.7756838992610574,
      "duplicate": 0,
      "loop": 0.04211317901499569,
      "lt_dependency": 0.5104543915577233,
      "mode": 28,
      "num_traces": 324,
      "or": 0,
      "parallel": 0.5131619844958186,
      "sequence": 0.2709401994291693,
      "silent": 0.17004768340848386
    },
    "3": {
      "choice": 0.6535194861143827,
      "duplicate": 0,
      "loop": 0.9576082275714726,
      "lt_dependency": 0.32692241824232043,
      "mode": 21,
      "num_traces": 396,
      "or": 0,
      "parallel": 0.7672931762319058,
      "sequence": 0.6588770150579513,
      "silent": 0.4562873648200184
    },
    "4": {
      "choice": 0.16388946956023576,
      "duplicate": 0,
      "loop": 0.39516660073772075,
      "lt_dependency": 0.7955099861510098,
      "mode": 36,
      "num_traces": 745,
      "or": 0,
      "parallel": 0.25395125332288443,
      "sequence": 0.07748097266070544,
      "silent": 0.6486980180162937
    },
    "5": {
      "choice": 0.04490061519667506,
      "duplicate": 0,
      "loop": 0.8006045478861779,
      "lt_dependency": 0.6931793973967433,
      "mode": 32,
      "num_traces": 607,
      "or": 0,
      "parallel": 0.2829401990491897,
      "sequence": 0.520932387933135,
      "silent": 0.3123690354358405
    },
    "6": {
      "choice": 0.20336435480408502,
      "duplicate": 0,
      "loop": 0.4195886171917696,
      "lt_dependency": 0.7955099861510098,
      "mode": 36,
      "num_traces": 773,
      "or": 0,
      "parallel": 0.07999399907086215,
      "sequence": 0.11595362537378796,
      "silent": 0.6869398659256004
    },
    "7": {
      "choice": 0.9281473320818109,
      "duplicate": 0,
      "loop": 0.11223653852758272,
      "lt_dependency": 0.8444098782112849,
      "mode": 35,
      "num_traces": 602,
      "or": 0,
      "parallel": 0.18481587132521124,
      "sequence": 0.1119970718644812,
      "silent": 0.14680112183512767
    },
    "8": {
      "choice": 0.04490061519667506,
      "duplicate": 0,
      "loop": 0.8006045478861779,
      "lt_dependency": 0.7612780177988497,
      "mode": 37,
      "num_traces": 615,
      "or": 0,
      "parallel": 0.22868126772697872,
      "sequence": 0.45355595376636937,
      "silent": 0.34966456627971026
    },
    "9": {
      "choice": 0.49976061373662917,
      "duplicate": 0,
      "loop": 0.07699981601149478,
      "lt_dependency": 0.484564828687904,
      "mode": 27,
      "num_traces": 978,
      "or": 0,
      "parallel": 0.2182787354631025,
      "sequence": 0.12563250149339225,
      "silent": 0.6188449813370887
    },
    "10": {
      "choice": 0.892855270774259,
      "duplicate": 0,
      "loop": 0.09625800670452529,
      "lt_dependency": 0.7827238845235909,
      "mode": 32,
      "num_traces": 715,
      "or": 0,
      "parallel": 0.1376370346783048,
      "sequence": 0.1696964227061463,
      "silent": 0.14680112183512767
    },
    "11": {
      "choice": 0.5825453025749235,
      "duplicate": 0,