{
  "incumbent_ids": [
    2,
    3,
    4
  ],
  "rejected_config_ids": [
    1
  ],
  "incumbents_changed": 4,
  "trajectory": [
    {
      "config_ids": [
        1
      ],
      "costs": [
        [
          0.07054760514223435,
          0.02648401826483985
        ]
      ],
      "trial": 1,
      "walltime": 1.3221509456634521
    },
    {
      "config_ids": [
        2
      ],
      "costs": [
        [
          0.06708082709059804,
          0.022222222222222553
        ]
      ],
      "trial": 2,
      "walltime": 1.3755741119384766
    },
    {
      "config_ids": [
        2,
        3
      ],
      "costs": [
        [
          0.06708082709059804,
          0.022222222222222553
        ],
        [
          0.042464630065001785,
          0.030808080808080476
        ]
      ],
      "trial": 3,
      "walltime": 2.208434820175171
    },
    {
      "config_ids": [
        2,
        3,
        4
      ],
      "costs": [
        [
          0.06708082709059804,
          0.022222222222222553
        ],
        [
          0.042464630065001785,
          0.030808080808080476
        ],
        [
          0.016265905696472904,
          0.2217002237136469
        ]
      ],
      "trial": 4,
      "walltime": 3.778733730316162
    }
  ],
  "state": {
    "queue": [
      [
        4,
        1
      ]
    ]
  }
}