{
  "stats": {
    "submitted": 4,
    "finished": 4,
    "running": 0
  },
  "data": [
    [
      1,
      null,
      209652396,
      null,
      [
        0.07054760514223435,
        0.02648401826483985
      ],
      1.3206608295440674,
      1,
      1707413995.137928,
      1707413996.4592068,
      {}
    ],
    [
      2,
      null,
      209652396,
      null,
      [
        0.06708082709059804,
        0.022222222222222553
      ],
      0.05115103721618652,
      1,
      1707413996.4606662,
      1707413996.5124018,
      {}
    ],
    [
      3,
      null,
      209652396,
      null,
      [
        0.042464630065001785,
        0.030808080808080476
      ],
      0.8304240703582764,
      1,
      1707413996.514132,
      1707413997.3451571,
      {}
    ],
    [
      4,
      null,
      209652396,
      null,
      [
        0.016265905696472904,
        0.2217002237136469
      ],
      1.5670688152313232,
      1,
      1707413997.3475149,
      1707413998.91522,
      {}
    ]
  ],
  "configs": {
    "1": {
      "choice": 0.27420973585918546,
      "duplicate": 0,
      "loop": 0.6243590484932066,
      "lt_dependency": 0.11643280289135872,
      "mode": 12,
      "num_traces": 876,
      "or": 0,
      "parallel": 0.5005605065450072,
      "sequence": 0.9603757594153285,
      "silent": 0.9968127990048379
    },
    "2": {
      "choice": 0.7756838992610574,
      "duplicate": 0,
      "loop": 0.04211317901499569,
      "lt_dependency": 0.5104543915577233,
      "mode": 28,
      "num_traces": 324,
      "or": 0,
      "parallel": 0.5131619844958186,
      "sequence": 0.2709401994291693,
      "silent": 0.17004768340848386
    },
    "3": {
      "choice": 0.6535194861143827,
      "duplicate": 0,
      "loop": 0.9576082275714726,
      "lt_dependency": 0.32692241824232043,
      "mode": 21,
      "num_traces": 396,
      "or": 0,
      "parallel": 0.7672931762319058,
      "sequence": 0.6588770150579513,
      "silent": 0.4562873648200184
    },
    "4": {
      "choice": 0.16388946956023576,
      "duplicate": 0,
      "loop": 0.39516660073772075,
      "lt_dependency": 0.7955099861510098,
      "mode": 36,
      "num_traces": 745,
      "or": 0,
      "parallel": 0.25395125332288443,
      "sequence": 0.07748097266070544,
      "silent": 0.6486980180162937
    }
  },
  "config_origins": {
    "1": "Initial Design: Sobol",
    "2": "Initial Design: Sobol",
    "3": "Initial Design: Sobol",
    "4": "Initial Design: Sobol"
  }
}