{
  "stats": {
    "submitted": 20,
    "finished": 20,
    "running": 0
  },
  "data": [
    [
      1,
      null,
      209652396,
      null,
      [
        0.1762557077625571,
        0.03375422897872052
      ],
      1.3996286392211914,
      1,
      1706647784.815514,
      1706647786.215861,
      {}
    ],
    [
      2,
      null,
      209652396,
      null,
      [
        0.158641975308642,
        0.17730639775954177
      ],
      0.0553741455078125,
      1,
      1706647786.217559,
      1706647786.273534,
      {}
    ],
    [
      3,
      null,
      209652396,
      null,
      [
        0.20050505050505052,
        0.019343810971632652
      ],
      0.8568079471588135,
      1,
      1706647786.2756321,
      1706647787.133055,
      {}
    ],
    [
      4,
      null,
      209652396,
      null,
      [
        0.19597315436241614,
        0.0009742317358820904
      ],
      1.6207091808319092,
      1,
      1706647787.135906,
      1706647788.757237,
      {}
    ],
    [
      5,
      null,
      209652396,
      null,
      [
        0.15453047775947285,
        0.02097015758582095
      ],
      4.9549150466918945,
      1,
      1706647788.760499,
      1706647793.716119,
      {}
    ],
    [
      6,
      null,
      209652396,
      null,
      [
        0.023340961098398172,
        0.021460914692228883
      ],
      0.7802650928497314,
      1,
      1706647793.974944,
      1706647794.755806,
      {}
    ],
    [
      7,
      null,
      209652396,
      null,
      [
        0.17697841726618707,
        0.005230806984342293
      ],
      21.527606964111328,
      1,
      1706647794.7595751,
      1706647816.287883,
      {}
    ],
    [
      8,
      null,
      209652396,
      null,
      [
        0.12051696284329566,
        0.028379966432874507
      ],
      4.782866954803467,
      1,
      1706647816.2920802,
      1706647821.075655,
      {}
    ],
    [
      9,
      null,
      209652396,
      null,
      [
        0.13983739837398373,
        0.027800785578004264
      ],
      1.106288194656372,
      1,
      1706647821.080009,
      1706647822.186921,
      {}
    ],
    [
      10,
      null,
      209652396,
      null,
      [
        0.3301927194860813,
        0.0181734346294508
      ],
      0.1912369728088379,
      1,
      1706647822.1911669,
      1706647822.383005,
      {}
    ],
    [
      11,
      null,
      209652396,
      null,
      [
        0.034050880626223134,
        0.03313992821067269
      ],
      0.26058101654052734,
      1,
      1706647822.387058,
      1706647822.6482198,
      {}
    ],
    [
      12,
      null,
      209652396,
      null,
      [
        0.007991587802313349,
        0.1567577627755269
      ],
      0.11526298522949219,
      1,
      1706647822.6525161,
      1706647822.7683861,
      {}
    ],
    [
      13,
      null,
      209652396,
      null,
      [
        0.24779874213836472,
        0.007390659040544485
      ],
      0.36951518058776855,
      1,
      1706647822.773149,
      1706647823.1432588,
      {}
    ],
    [
      14,
      null,
      209652396,
      null,
      [
        0.0581430745814307,
        0.027960141235413308
      ],
      0.9601559638977051,
      1,
      1706647823.694881,
      1706647824.65563,
      {}
    ],
    [
      15,
      null,
      209652396,
      null,
      [
        0.19240506329113927,
        0.05144279351012093
      ],
      0.5923788547515869,
      1,
      1706647824.660654,
      1706647825.253642,
      {}
    ],
    [
      16,
      null,
      209652396,
      null,
      [
        0.200235017626322,
        0.06736946610980314
      ],
      0.6003739833831787,
      1,
      1706647825.2586398,
      1706647825.859638,
      {}
    ],
    [
      17,
      null,
      209652396,
      null,
      [
        0.4063754427390791,
        0.024927377430421352
      ],
      0.14877009391784668,
      1,
      1706647825.864723,
      1706647826.014092,
      {}
    ],
    [
      18,
      null,
      209652396,
      null,
      [
        0.0323809523809524,
        0.04406975553685126
      ],
      0.2266368865966797,
      1,
      1706647826.0191538,
      1706647826.2463832,
      {}
    ],
    [
      19,
      null,
      209652396,
      null,
      [
        0.04970645792563605,
        0.032899528810833176
      ],
      0.536931037902832,
      1,
      1706647826.251374,
      1706647826.7889001,
      {}
    ],
    [
      20,
      null,
      209652396,
      null,
      [
        0.1747747747747748,
        0.046365681486096946
      ],
      0.3794240951538086,
      1,
      1706647826.794197,
      1706647827.174219,
      {}
    ]
  ],
  "configs": {
    "1": {
      "choice": 0.27420973585918546,
      "duplicate": 0,
      "loop": 0.6243590484932066,
      "lt_dependency": 0.11643280289135872,
      "mode": 12,
      "num_traces": 876,
      "or": 0,
      "parallel": 0.5005605065450072,
      "sequence": 0.9603757594153285,
      "silent": 0.9968127990048379
    },
    "2": {
      "choice": 0.7756838992610574,
      "duplicate": 0,
      "loop": 0.04211317901499569,
      "lt_dependency": 0.5104543915577233,
      "mode": 28,
      "num_traces": 324,
      "or": 0,
      "parallel": 0.5131619844958186,
      "sequence": 0.2709401994291693,
      "silent": 0.17004768340848386
    },
    "3": {
      "choice": 0.6535194861143827,
      "duplicate": 0,
      "loop": 0.9576082275714726,
      "lt_dependency": 0.32692241824232043,
      "mode": 21,
      "num_traces": 396,
      "or": 0,
      "parallel": 0.7672931762319058,
      "sequence": 0.6588770150579513,
      "silent": 0.4562873648200184
    },
    "4": {
      "choice": 0.16388946956023576,
      "duplicate": 0,
      "loop": 0.39516660073772075,
      "lt_dependency": 0.7955099861510098,
      "mode": 36,
      "num_traces": 745,
      "or": 0,
      "parallel": 0.25395125332288443,
      "sequence": 0.07748097266070544,
      "silent": 0.6486980180162937
    },
    "5": {
      "choice": 0.04490061519667506,
      "duplicate": 0,
      "loop": 0.8006045478861779,
      "lt_dependency": 0.6931793973967433,
      "mode": 32,
      "num_traces": 607,
      "or": 0,
      "parallel": 0.2829401990491897,
      "sequence": 0.520932387933135,
      "silent": 0.3123690354358405
    },
    "6": {
      "choice": 0.06342124113511252,
      "duplicate": 0,
      "loop": 0.6735578512404355,
      "lt_dependency": 0.11643280289135872,
      "mode": 13,
      "num_traces": 874,
      "or": 0,
      "parallel": 0.4086562126472086,
      "sequence": 0.9603757594153285,
      "silent": 0.9953457748319322
    },
    "7": {
      "choice": 0.06584373030334086,
      "duplicate": 0,
      "loop": 0.39516660073772075,
      "lt_dependency": 0.8431032777890876,
      "mode": 34,
      "num_traces": 695,
      "or": 0,
      "parallel": 0.06663579235967616,
      "sequence": 0.08205778292329723,
      "silent": 0.6486980180162937
    },
    "8": {
      "choice": 0.06169540718664156,
      "duplicate": 0,
      "loop": 0.7569063788776854,
      "lt_dependency": 0.8165958779976242,
      "mode": 33,
      "num_traces": 619,
      "or": 0,
      "parallel": 0.2829401990491897,
      "sequence": 0.5250967170220803,
      "silent": 0.3123690354358405
    },
    "9": {
      "choice": 0.6280923154394527,
      "duplicate": 0,
      "loop": 0.9534107664272431,
      "lt_dependency": 0.0664281660637679,
      "mode": 13,
      "num_traces": 492,
      "or": 0,
      "parallel": 0.36591282156804816,
      "sequence": 0.35548339390893335,
      "silent": 0.7390106472527616
    },
    "10": {
      "choice": 0.4783724577157074,
      "duplicate": 0,
      "loop": 0.0963042294389655,
      "lt_dependency": 0.5050171965687928,
      "mode": 11,
      "num_traces": 934,
      "or": 0,
      "parallel": 0.2083503430277078,
      "sequence": 0.23810645926043633,
      "silent": 0.8803729757923379
    },