{
  "stats": {
    "submitted": 20,
    "finished": 20,
    "running": 0
  },
  "data": [
    [
      1,
      null,
      209652396,
      null,
      [
        0.06147227749560935,
        0.008447715324715593
      ],
      5.928493022918701,
      1,
      1707472857.3952131,
      1707472863.324367,
      {}
    ],
    [
      2,
      null,
      209652396,
      null,
      [
        0.012373670718118013,
        0.24331316520562019
      ],
      0.0934300422668457,
      1,
      1707472863.326423,
      1707472863.4205198,
      {}
    ],
    [
      3,
      null,
      209652396,
      null,
      [
        0.15661115473604809,
        0.006628932255932524
      ],
      8.166534185409546,
      1,
      1707472863.422714,
      1707472871.58988,
      {}
    ],
    [
      4,
      null,
      209652396,
      null,
      [
        0.20086619494990077,
        0.11835037100918439
      ],
      28.313897848129272,
      1,
      1707472871.5932019,
      1707472899.907821,
      {}
    ],
    [
      5,
      null,
      209652396,
      null,
      [
        0.19045621400606927,
        0.007841454301787903
      ],
      74.58066773414612,
      1,
      1707472899.911125,
      1707472974.4925928,
      {}
    ],
    [
      6,
      null,
      209652396,
      null,
      [
        0.08140933010535323,
        0.006628932255932524
      ],
      1.3229949474334717,
      1,
      1707472974.778174,
      1707472976.101791,
      {}
    ],
    [
      7,
      null,
      209652396,
      null,
      [
        0.05816380464554605,
        0.008575256614718262
      ],
      8.619422197341919,
      1,
      1707472976.10562,
      1707472984.725724,
      {}
    ],
    [
      8,
      null,
      209652396,
      null,
      [
        0.09261390541999714,
        0.22632561319861294
      ],
      0.9102640151977539,
      1,
      1707472984.729923,
      1707472985.6408541,
      {}
    ],
    [
      9,
      null,
      209652396,
      null,
      [
        0.13398558304023506,
        0.24425801192571367
      ],
      1.4742751121520996,
      1,
      1707472985.6449962,
      1707472987.119949,
      {}
    ],
    [
      10,
      null,
      209652396,
      null,
      [
        0.011033165872011197,
        0.1575906444636442
      ],
      0.4757101535797119,
      1,
      1707472987.124213,
      1707472987.600538,
      {}
    ],
    [
      11,
      null,
      209652396,
      null,
      [
        0.05677185519966721,
        0.006615586110299382
      ],
      2.822620153427124,
      1,
      1707472987.605302,
      1707472990.428575,
      {}
    ],
    [
      12,
      null,
      209652396,
      null,
      [
        0.11355958991313964,
        0.10671151700939559
      ],
      1.2721378803253174,
      1,
      1707472990.432634,
      1707472991.705426,
      {}
    ],
    [
      13,
      null,
      209652396,
      null,
      [
        0.14897684782002035,
        0.01167147301255785
      ],
      0.08142614364624023,
      1,
      1707472991.711735,
      1707472991.793752,
      {}
    ],
    [
      14,
      null,
      209652396,
      null,
      [
        0.045374742341128704,
        0.004975493102493371
      ],
      1.751965045928955,
      1,
      1707472992.382887,
      1707472994.135442,
      {}
    ],
    [
      15,
      null,
      209652396,
      null,
      [
        0.059249863548103576,
        0.0059950144288739024
      ],
      1.182192087173462,
      1,
      1707472994.139634,
      1707472995.3225012,
      {}
    ],
    [
      16,
      null,
      209652396,
      null,
      [
        0.08883708946602009,
        0.22817989355452195
      ],
      0.4911630153656006,
      1,
      1707472995.326559,
      1707472995.818363,
      {}
    ],
    [
      17,
      null,
      209652396,
      null,
      [
        0.1588812571218267,
        0.012617099490099223
      ],
      0.11253595352172852,
      1,
      1707472995.8222451,
      1707472995.935379,
      {}
    ],
    [
      18,
      null,
      209652396,
      null,
      [
        0.08559964475249482,
        0.019710838179929115
      ],
      4.088214159011841,
      1,
      1707472995.939276,
      1707473000.0281222,
      {}
    ],
    [
      19,
      null,
      209652396,
      null,
      [
        0.08758493275805079,
        0.008431413811935207
      ],
      10.896240949630737,
      1,
      1707473000.032209,
      1707473010.929161,
      {}
    ],
    [
      20,
      null,
      209652396,
      null,
      [
        0.13894179120860123,
        0.018172655045654774
      ],
      0.5718190670013428,
      1,
      1707473010.9334168,
      1707473011.505892,
      {}
    ]
  ],
  "configs": {
    "1": {
      "choice": 0.27420973585918546,
      "duplicate": 0,
      "loop": 0.6243590484932066,
      "lt_dependency": 0.11643280289135872,
      "mode": 35,
      "num_traces": 864,
      "or": 0,
      "parallel": 0.5005605065450072,
      "sequence": 0.9603757594153285,
      "silent": 0.9968127990048379
    },
    "2": {
      "choice": 0.7756838992610574,
      "duplicate": 0,
      "loop": 0.04211317901499569,
      "lt_dependency": 0.5104543915577233,
      "mode": 100,
      "num_traces": 257,
      "or": 0,
      "parallel": 0.5131619844958186,
      "sequence": 0.2709401994291693,
      "silent": 0.17004768340848386
    },
    "3": {
      "choice": 0.6535194861143827,
      "duplicate": 0,
      "loop": 0.9576082275714726,
      "lt_dependency": 0.32692241824232043,
      "mode": 70,
      "num_traces": 336,
      "or": 0,
      "parallel": 0.7672931762319058,
      "sequence": 0.6588770150579513,
      "silent": 0.4562873648200184
    },
    "4": {
      "choice": 0.16388946956023576,
      "duplicate": 0,
      "loop": 0.39516660073772075,
      "lt_dependency": 0.7955099861510098,
      "mode": 134,
      "num_traces": 719,
      "or": 0,
      "parallel": 0.25395125332288443,
      "sequence": 0.07748097266070544,
      "silent": 0.6486980180162937
    },
    "5": {
      "choice": 0.04490061519667506,
      "duplicate": 0,
      "loop": 0.8006045478861779,
      "lt_dependency": 0.6931793973967433,
      "mode": 115,
      "num_traces": 567,
      "or": 0,
      "parallel": 0.2829401990491897,
      "sequence": 0.520932387933135,
      "silent": 0.3123690354358405
    },
    "6": {
      "choice": 0.6783411866485225,
      "duplicate": 0,
      "loop": 0.8747786712094705,
      "lt_dependency": 0.22502118638579313,
      "mode": 41,
      "num_traces": 336,
      "or": 0,
      "parallel": 0.760715490020522,
      "sequence": 0.8188063954159926,
      "silent": 0.4617005759250759
    },
    "7": {
      "choice": 0.27420973585918546,
      "duplicate": 0,
      "loop": 0.6243590484932066,
      "lt_dependency": 0.21710449274988142,
      "mode": 37,
      "num_traces": 971,
      "or": 0,
      "parallel": 0.4010669781874611,
      "sequence": 0.9862710404044702,
      "silent": 0.9689523534183109
    },
    "8": {
      "choice": 0.5533253688880515,
      "duplicate": 0,
      "loop": 0.964026132896019,
      "lt_dependency": 0.03001621346592246,
      "mode": 22,
      "num_traces": 462,
      "or": 0,
      "parallel": 0.36591282156804816,
      "sequence": 0.322274067414942,
      "silent": 0.6565772422107444
    },
    "9": {
      "choice": 0.5886174301956034,
      "duplicate": 0,
      "loop": 0.9309133872480456,
      "lt_dependency": 0.03001621346592246,
      "mode": 32,
      "num_traces": 453,
      "or": 0,
      "parallel": 0.25684191082541025,
      "sequence": 0.31165399013603945,
      "silent": 0.6565772422107444
    },
    "10": {
      "choice": 0.4304967412868087,
      "duplicate": 0,
      "loop": 0.06291713826092044,
      "lt_dependency": 0.2099094538082088,
      "mode": 47,
      "num_traces": 945,
      "or": 0,
      "parallel": 0.2654575721100089,
      "sequence": 0.26247503448208126,
      "silent": 0.7125638437910632
    },