{
  "stats": {
    "submitted": 20,
    "finished": 20,
    "running": 0
  },
  "data": [
    [
      1,
      null,
      209652396,
      null,
      [
        0.5512372143908459,
        0.04790279434135227
      ],
      4.891709804534912,
      1,
      1708510091.400446,
      1708510096.29291,
      {}
    ],
    [
      2,
      null,
      209652396,
      null,
      [
        0.5512372143908459,
        0.04790279434135227
      ],
      0.14509081840515137,
      1,
      1708510096.294948,
      1708510096.44067,
      {}
    ],
    [
      3,
      null,
      209652396,
      null,
      [
        0.5512372143908459,
        0.04790279434135227
      ],
      0.17729592323303223,
      1,
      1708510096.442486,
      1708510096.62042,
      {}
    ],
    [
      4,
      null,
      209652396,
      null,
      [
        0.5512372143908459,
        0.04790279434135227
      ],
      1.1553411483764648,
      1,
      1708510096.6223009,
      1708510097.7782981,
      {}
    ],
    [
      5,
      null,
      209652396,
      null,
      [
        0.5512372143908459,
        0.04790279434135227
      ],
      1.7443299293518066,
      1,
      1708510097.780341,
      1708510099.525352,
      {}
    ],
    [
      6,
      null,
      209652396,
      null,
      [
        0.5512372143908459,
        0.04790279434135227
      ],
      0.06249117851257324,
      1,
      1708510099.730013,
      1708510099.793132,
      {}
    ],
    [
      7,
      null,
      209652396,
      null,
      [
        0.5512372143908459,
        0.04790279434135227
      ],
      0.3004148006439209,
      1,
      1708510099.7952719,
      1708510100.096318,
      {}
    ],
    [
      8,
      null,
      209652396,
      null,
      [
        0.5512372143908459,
        0.04790279434135227
      ],
      0.09973502159118652,
      1,
      1708510100.098342,
      1708510100.198675,
      {}
    ],
    [
      9,
      null,
      209652396,
      null,
      [
        0.5512372143908459,
        0.04790279434135227
      ],
      0.117095947265625,
      1,
      1708510100.200834,
      1708510100.318538,
      {}
    ],
    [
      10,
      null,
      209652396,
      null,
      [
        0.5512372143908459,
        0.04790279434135227
      ],
      0.07938480377197266,
      1,
      1708510100.320561,
      1708510100.4005241,
      {}
    ],
    [
      11,
      null,
      209652396,
      null,
      [
        0.5512372143908459,
        0.04790279434135227
      ],
      0.3471989631652832,
      1,
      1708510100.402549,
      1708510100.750326,
      {}
    ],
    [
      12,
      null,
      209652396,
      null,
      [
        0.5512372143908459,
        0.04790279434135227
      ],
      0.2638058662414551,
      1,
      1708510100.75247,
      1708510101.016856,
      {}
    ],
    [
      13,
      null,
      209652396,
      null,
      [
        0.5512372143908459,
        0.04790279434135227
      ],
      0.5038330554962158,
      1,
      1708510101.019039,
      1708510101.523463,
      {}
    ],
    [
      14,
      null,
      209652396,
      null,
      [
        0.5512372143908459,
        0.04790279434135227
      ],
      1.3522770404815674,
      1,
      1708510101.82763,
      1708510103.180495,
      {}
    ],
    [
      15,
      null,
      209652396,
      null,
      [
        0.5512372143908459,
        0.04790279434135227
      ],
      0.210068941116333,
      1,
      1708510103.183025,
      1708510103.393729,
      {}
    ],
    [
      16,
      null,
      209652396,
      null,
      [
        0.5512372143908459,
        0.04790279434135227
      ],
      0.5366849899291992,
      1,
      1708510103.3965561,
      1708510103.9338958,
      {}
    ],
    [
      17,
      null,
      209652396,
      null,
      [
        0.5512372143908459,
        0.04790279434135227
      ],
      0.17749285697937012,
      1,
      1708510103.93663,
      1708510104.114756,
      {}
    ],
    [
      18,
      null,
      209652396,
      null,
      [
        0.5512372143908459,
        0.04790279434135227
      ],
      0.0049817562103271484,
      1,
      1708510104.1173031,
      1708510104.122845,
      {}
    ],
    [
      19,
      null,
      209652396,
      null,
      [
        0.5512372143908459,
        0.04790279434135227
      ],
      0.022320270538330078,
      1,
      1708510104.1251929,
      1708510104.148048,
      {}
    ],
    [
      20,
      null,
      209652396,
      null,
      [
        0.5512372143908459,
        0.04790279434135227
      ],
      0.029581069946289062,
      1,
      1708510104.150611,
      1708510104.180736,
      {}
    ]
  ],
  "configs": {
    "1": {
      "choice": 0.27420973585918546,
      "duplicate": 0,
      "loop": 0.6243590484932066,
      "lt_dependency": 0.11643280289135872,
      "mode": 8,
      "num_traces": 8616,
      "or": 0,
      "parallel": 0.5005605065450072,
      "sequence": 0.9603757594153285,
      "silent": 0.9968127990048379
    },
    "2": {
      "choice": 0.7756838992610574,
      "duplicate": 0,
      "loop": 0.04211317901499569,
      "lt_dependency": 0.5104543915577233,
      "mode": 15,
      "num_traces": 2501,
      "or": 0,
      "parallel": 0.5131619844958186,
      "sequence": 0.2709401994291693,
      "silent": 0.17004768340848386
    },
    "3": {
      "choice": 0.6535194861143827,
      "duplicate": 0,
      "loop": 0.9576082275714726,
      "lt_dependency": 0.32692241824232043,
      "mode": 12,
      "num_traces": 3298,
      "or": 0,
      "parallel": 0.7672931762319058,
      "sequence": 0.6588770150579513,
      "silent": 0.4562873648200184
    },
    "4": {
      "choice": 0.16388946956023576,
      "duplicate": 0,
      "loop": 0.39516660073772075,
      "lt_dependency": 0.7955099861510098,
      "mode": 19,
      "num_traces": 7156,
      "or": 0,
      "parallel": 0.25395125332288443,
      "sequence": 0.07748097266070544,
      "silent": 0.6486980180162937
    },
    "5": {
      "choice": 0.04490061519667506,
      "duplicate": 0,
      "loop": 0.8006045478861779,
      "lt_dependency": 0.6931793973967433,
      "mode": 17,
      "num_traces": 5626,
      "or": 0,
      "parallel": 0.2829401990491897,
      "sequence": 0.520932387933135,
      "silent": 0.3123690354358405
    },
    "6": {
      "choice": 0.892855270774259,
      "duplicate": 0,
      "loop": 0.09625800670452529,
      "lt_dependency": 0.7827238845235909,
      "mode": 17,
      "num_traces": 6822,
      "or": 0,
      "parallel": 0.1376370346783048,
      "sequence": 0.1696964227061463,
      "silent": 0.14680112183512767
    },
    "7": {
      "choice": 0.7180374727086953,
      "duplicate": 0,
      "loop": 0.38960710363751994,
      "lt_dependency": 0.8342936470924586,
      "mode": 15,
      "num_traces": 5689,
      "or": 0,
      "parallel": 0.442661634261348,
      "sequence": 0.3700736632331964,
      "silent": 0.2607586865143843
    },
    "8": {
      "choice": 0.6494351719359895,
      "duplicate": 0,
      "loop": 0.9263406719097345,
      "lt_dependency": 0.8011669785745563,
      "mode": 11,
      "num_traces": 6174,
      "or": 0,
      "parallel": 0.6739314909219778,
      "sequence": 0.11102436264054778,
      "silent": 0.11927138975266208
    },
    "9": {
      "choice": 0.6067357423109274,
      "duplicate": 0,
      "loop": 0.7938077877018379,
      "lt_dependency": 0.780375183440352,
      "mode": 7,
      "num_traces": 197,
      "or": 0,
      "parallel": 0.7006548839679922,
      "sequence": 0.5744948027137008,
      "silent": 0.47164766512774325
    },
    "10": {
      "choice": 0.5533253688880515,
      "duplicate": 0,
      "loop": 0.964026132896019,
      "lt_dependency": 0.03001621346592246,
      "mode": 6,
      "num_traces": 4567,
      "or": 0,
      "parallel": 0.36591282156804816,
      "sequence": 0.322274067414942,
      "silent": 0.6565772422107444
    },