{
  "incumbent_ids": [
    1,
    2
  ],
  "rejected_config_ids": [],
  "incumbents_changed": 2,
  "trajectory": [
    {
      "config_ids": [
        1
      ],
      "costs": [
        [
          0.016245771021279484,
          0.8691780821917808
        ]
      ],
      "trial": 1,
      "walltime": 119.0924699306488
    },
    {
      "config_ids": [
        1,
        2
      ],
      "costs": [
        [
          0.016245771021279484,
          0.8691780821917808
        ],
        [
          0.08625649879549108,
          0.010489510489510481
        ]
      ],
      "trial": 2,
      "walltime": 126.53390192985535
    }
  ],
  "state": {
    "queue": [
      [
        2,
        1
      ]
    ]
  }
}