{
  "incumbent_ids": [
    4
  ],
  "rejected_config_ids": [
    1,
    3
  ],
  "incumbents_changed": 3,
  "trajectory": [
    {
      "config_ids": [
        1
      ],
      "costs": [
        [
          0.12046427428959616,
          0.03375422897872052
        ]
      ],
      "trial": 1,
      "walltime": 1.5897769927978516
    },
    {
      "config_ids": [
        3
      ],
      "costs": [
        [
          0.11109605392992195,
          0.007951827349262967
        ]
      ],
      "trial": 3,
      "walltime": 2.7331809997558594
    },
    {
      "config_ids": [
        4
      ],
      "costs": [
        [
          0.09726927804580354,
          0.005954652831009627
        ]
      ],
      "trial": 4,
      "walltime": 3.937709093093872
    }
  ],
  "state": {
    "queue": [
      [
        5,
        1
      ]
    ]
  }
}