{
  "stats": {
    "submitted": 5,
    "finished": 5,
    "running": 0
  },
  "data": [
    [
      1,
      null,
      209652396,
      null,
      [
        0.12046427428959616,
        0.03375422897872052
      ],
      1.588059902191162,
      1,
      1706649828.407593,
      1706649829.9963672,
      {}
    ],
    [
      2,
      null,
      209652396,
      null,
      [
        0.2655921525253697,
        0.036256498795491074
      ],
      0.047859907150268555,
      1,
      1706649830.121824,
      1706649830.170233,
      {}
    ],
    [
      3,
      null,
      209652396,
      null,
      [
        0.11109605392992195,
        0.007951827349262967
      ],
      0.9669990539550781,
      1,
      1706649830.1719308,
      1706649831.1394858,
      {}
    ],
    [
      4,
      null,
      209652396,
      null,
      [
        0.09726927804580354,
        0.005954652831009627
      ],
      1.201598882675171,
      1,
      1706649831.141749,
      1706649832.344003,
      {}
    ],
    [
      5,
      null,
      209652396,
      null,
      [
        0.15600187103980667,
        0.021149784678614475
      ],
      0.026668071746826172,
      1,
      1706649832.34638,
      1706649832.373649,
      {}
    ]
  ],
  "configs": {
    "1": {
      "choice": 0.27420973585918546,
      "duplicate": 0,
      "loop": 0.6243590484932066,
      "lt_dependency": 0.11643280289135872,
      "mode": 12,
      "num_traces": 876,
      "or": 0,
      "parallel": 0.5005605065450072,
      "sequence": 0.9603757594153285,
      "silent": 0.9968127990048379
    },
    "2": {
      "choice": 0.892855270774259,
      "duplicate": 0,
      "loop": 0.09625800670452529,
      "lt_dependency": 0.7827238845235909,
      "mode": 32,
      "num_traces": 715,
      "or": 0,
      "parallel": 0.1376370346783048,
      "sequence": 0.1696964227061463,
      "silent": 0.14680112183512767
    },
    "3": {
      "choice": 0.7180374727086953,
      "duplicate": 0,
      "loop": 0.38960710363751994,
      "lt_dependency": 0.8342936470924586,
      "mode": 28,
      "num_traces": 612,
      "or": 0,
      "parallel": 0.442661634261348,
      "sequence": 0.3700736632331964,
      "silent": 0.2607586865143843
    },
    "4": {
      "choice": 0.6494351719359895,
      "duplicate": 0,
      "loop": 0.9263406719097345,
      "lt_dependency": 0.8011669785745563,
      "mode": 19,
      "num_traces": 656,
      "or": 0,
      "parallel": 0.6739314909219778,
      "sequence": 0.11102436264054778,
      "silent": 0.11927138975266208
    },
    "5": {
      "choice": 0.6067357423109274,
      "duplicate": 0,
      "loop": 0.7938077877018379,
      "lt_dependency": 0.780375183440352,
      "mode": 10,
      "num_traces": 116,
      "or": 0,
      "parallel": 0.7006548839679922,
      "sequence": 0.5744948027137008,
      "silent": 0.47164766512774325
    }
  },
  "config_origins": {
    "1": "Initial Design: Sobol",
    "2": "Acquisition Function Maximizer: Random Search (sorted)",
    "3": "Acquisition Function Maximizer: Random Search (sorted)",
    "4": "Acquisition Function Maximizer: Random Search (sorted)",
    "5": "Acquisition Function Maximizer: Random Search (sorted)"
  }
}