{
  "stats": {
    "submitted": 15,
    "finished": 15,
    "running": 0
  },
  "data": [
    [
      1,
      null,
      209652396,
      null,
      [
        0.07475322576327459,
        0.010817969107719474
      ],
      11.452316045761108,
      1,
      1707684103.3257759,
      1707684114.778956,
      {}
    ],
    [
      2,
      null,
      209652396,
      null,
      [
        0.0257897932526161,
        0.238040478380865
      ],
      0.1716470718383789,
      1,
      1707684114.7813,
      1707684114.95373,
      {}
    ],
    [
      3,
      null,
      209652396,
      null,
      [
        0.14509579449369203,
        0.009434269093882473
      ],
      12.925643920898438,
      1,
      1707684114.9568331,
      1707684127.883295,
      {}
    ],
    [
      4,
      null,
      209652396,
      null,
      [
        0.05817917706539344,
        0.010677470337083717
      ],
      5.7632598876953125,
      1,
      1707684128.115393,
      1707684133.8793228,
      {}
    ],
    [
      5,
      null,
      209652396,
      null,
      [
        0.09328476791486762,
        0.010482416744688913
      ],
      11.734137058258057,
      1,
      1707684133.883156,
      1707684145.618208,
      {}
    ],
    [
      6,
      null,
      209652396,
      null,
      [
        0.10435312528582319,
        0.010425779287846656
      ],
      14.415725946426392,
      1,
      1707684145.6238332,
      1707684160.040437,
      {}
    ],
    [
      7,
      null,
      209652396,
      null,
      [
        0.1654293328828801,
        0.008006952449174525
      ],
      25.044758081436157,
      1,
      1707684160.04618,
      1707684185.091897,
      {}
    ],
    [
      8,
      null,
      209652396,
      null,
      [
        0.09656978923117915,
        0.04417046360981625
      ],
      4.41112494468689,
      1,
      1707684185.0976,
      1707684189.5094678,
      {}
    ],
    [
      9,
      null,
      209652396,
      null,
      [
        0.14521192446630482,
        0.1642519321253584
      ],
      8.170734167098999,
      1,
      1707684189.515212,
      1707684197.68665,
      {}
    ],
    [
      10,
      null,
      209652396,
      null,
      [
        0.03625538040382825,
        0.2174111077514944
      ],
      0.2122058868408203,
      1,
      1707684197.6921222,
      1707684197.9050019,
      {}
    ],
    [
      11,
      null,
      209652396,
      null,
      [
        0.022605838707673076,
        0.04797738689821516
      ],
      0.5023880004882812,
      1,
      1707684197.9111848,
      1707684198.414229,
      {}
    ],
    [
      12,
      null,
      209652396,
      null,
      [
        0.007521120653405267,
        0.22710131082483512
      ],
      0.3500852584838867,
      1,
      1707684198.992497,
      1707684199.343211,
      {}
    ],
    [
      13,
      null,
      209652396,
      null,
      [
        0.072709386725761,
        0.01092002057963396
      ],
      11.199464797973633,
      1,
      1707684199.350973,
      1707684210.551157,
      {}
    ],
    [
      14,
      null,
      209652396,
      null,
      [
        0.07742707694463669,
        0.01086423136721824
      ],
      13.326725244522095,
      1,
      1707684210.5582452,
      1707684223.8857348,
      {}
    ],
    [
      15,
      null,
      209652396,
      null,
      [
        0.09682634659953493,
        0.01086781856236644
      ],
      18.05920100212097,
      1,
      1707684223.892682,
      1707684241.952632,
      {}
    ]
  ],
  "configs": {
    "1": {
      "choice": 0.27420973585918546,
      "duplicate": 0,
      "loop": 0.6243590484932066,
      "lt_dependency": 0.11643280289135872,
      "mode": 46,
      "num_traces": 876,
      "or": 0,
      "parallel": 0.5005605065450072,
      "sequence": 0.9603757594153285,
      "silent": 0.9968127990048379
    },
    "2": {
      "choice": 0.7756838992610574,
      "duplicate": 0,
      "loop": 0.04211317901499569,
      "lt_dependency": 0.5104543915577233,
      "mode": 132,
      "num_traces": 324,
      "or": 0,
      "parallel": 0.5131619844958186,
      "sequence": 0.2709401994291693,
      "silent": 0.17004768340848386
    },
    "3": {
      "choice": 0.6535194861143827,
      "duplicate": 0,
      "loop": 0.9576082275714726,
      "lt_dependency": 0.32692241824232043,
      "mode": 92,
      "num_traces": 396,
      "or": 0,
      "parallel": 0.7672931762319058,
      "sequence": 0.6588770150579513,
      "silent": 0.4562873648200184
    },
    "4": {
      "choice": 0.27420973585918546,
      "duplicate": 0,
      "loop": 0.7166059692617679,
      "lt_dependency": 0.08160834068708085,
      "mode": 29,
      "num_traces": 780,
      "or": 0,
      "parallel": 0.473350305541215,
      "sequence": 0.9603757594153285,
      "silent": 0.9991359723536305
    },
    "5": {
      "choice": 0.5758276268947928,
      "duplicate": 0,
      "loop": 0.572364115482993,
      "lt_dependency": 0.8940567253348259,
      "mode": 107,
      "num_traces": 677,
      "or": 0,
      "parallel": 0.6187813138193878,
      "sequence": 0.9937534258977251,
      "silent": 0.230678649662076
    },
    "6": {
      "choice": 0.42941825134551564,
      "duplicate": 0,
      "loop": 0.572364115482993,
      "lt_dependency": 0.9788321588104364,
      "mode": 107,
      "num_traces": 652,
      "or": 0,
      "parallel": 0.670099048291211,
      "sequence": 0.9884900996786339,
      "silent": 0.16737988780906454
    },
    "7": {
      "choice": 0.5494343511669278,
      "duplicate": 0,
      "loop": 0.5803880636639088,
      "lt_dependency": 0.8713120267643509,
      "mode": 181,
      "num_traces": 759,
      "or": 0,
      "parallel": 0.06962321691297713,
      "sequence": 0.5576799239507133,
      "silent": 0.23629065441295422
    },
    "8": {
      "choice": 0.7180374727086953,
      "duplicate": 0,
      "loop": 0.4368352324489555,
      "lt_dependency": 0.8385245864762672,
      "mode": 130,
      "num_traces": 677,
      "or": 0,
      "parallel": 0.442661634261348,
      "sequence": 0.4567910487861803,
      "silent": 0.2607586865143843
    },
    "9": {
      "choice": 0.5113848365972881,
      "duplicate": 0,
      "loop": 0.923928690791925,
      "lt_dependency": 0.01992510384443505,
      "mode": 53,
      "num_traces": 681,
      "or": 0,
      "parallel": 0.39009051722981547,
      "sequence": 0.4497238772120674,
      "silent": 0.6185925600734425
    },
    "10": {
      "choice": 0.892855270774259,
      "duplicate": 0,
      "loop": 0.09625800670452529,
      "lt_dependency": 0.7827238845235909,
      "mode": 156,
      "num_traces": 715,
      "or": 0,
      "parallel": 0.1376370346783048,
      "sequence": 0.1696964227061463,
      "silent": 0.14680112183512767
    },
    "11": {
      "choice": 0.4432113391500656,
      "duplicate": 0,
      "loop": 0.08032569761590806,
      "lt_dependency": 0.46686456863040254,
      "mode": 56,
      "num_traces": 951,
      "or": 0,
      "parallel": 0.2182787354631025,
      "sequence": 0.21678798853388634,
      "silent": 0.6597662935706207
    },
    "12": {
      "choice": 0.3970738748391436,
      "duplicate": 0,
      "loop": 0.08032569761590806,
      "lt_dependency": 0.3255187062442329,
      "mode": 56,
      "num_traces": 937,
      "or": 0,
      "parallel": 0.16836620016892132,
      "sequence": 0.13400747977425434,
      "silent": 0.7402951470512209
    },
    "13": {
      "choice": 0.7719868270137461,
      "duplicate": 0,
      "loop": 0.7418709436043187,
      "lt_dependency": 0.09185953402980158,
      "mode": 51,
      "num_traces": 962,
      "or": 0,
      "parallel": 0.5119090573260726,
      "sequence": 0.8156598415054525,
      "silent": 0.9888127367477676
    },
    "14": {
      "choice": 0.27420973585918546,
      "duplicate": 0,
      "loop": 0.6154064677981818,
      "lt_dependency": 0.09397697918385133,
      "mode": 62,
      "num_traces": 913,
      "or": 0,