{
  "incumbent_ids": [
    2,
    3
  ],
  "rejected_config_ids": [
    1
  ],
  "incumbents_changed": 3,
  "trajectory": [
    {
      "config_ids": [
        1
      ],
      "costs": [
        [
          0.5928906462173734,
          0.0019489920926606527
        ]
      ],
      "trial": 1,
      "walltime": 129.92132210731506
    },
    {
      "config_ids": [
        2
      ],
      "costs": [
        [
          0.4956293937700202,
          0.0005594405594405594
        ]
      ],
      "trial": 2,
      "walltime": 135.64354729652405
    },
    {
      "config_ids": [
        2,
        3
      ],
      "costs": [
        [
          0.4956293937700202,
          0.0005594405594405594
        ],
        [
          0.6058425717773404,
          0.000542652485348383
        ]
      ],
      "trial": 3,
      "walltime": 210.7646141052246
    }
  ],
  "state": {
    "queue": [
      [
        4,
        1
      ]
    ]
  }
}