{
  "stats": {
    "submitted": 20,
    "finished": 20,
    "running": 0
  },
  "data": [
    [
      1,
      null,
      209652396,
      null,
      [
        0.03375422897872052,
        0.1762557077625571
      ],
      1.3812179565429688,
      1,
      1706895310.850718,
      1706895312.232664,
      {}
    ],
    [
      2,
      null,
      209652396,
      null,
      [
        0.17730639775954177,
        0.158641975308642
      ],
      0.054461002349853516,
      1,
      1706895312.234337,
      1706895312.2893991,
      {}
    ],
    [
      3,
      null,
      209652396,
      null,
      [
        0.019343810971632652,
        0.20050505050505052
      ],
      0.8520457744598389,
      1,
      1706895312.2914581,
      1706895313.144098,
      {}
    ],
    [
      4,
      null,
      209652396,
      null,
      [
        0.0009742317358820904,
        0.19597315436241614
      ],
      1.6156480312347412,
      1,
      1706895313.146796,
      1706895314.763073,
      {}
    ],
    [
      5,
      null,
      209652396,
      null,
      [
        0.02097015758582095,
        0.15453047775947285
      ],
      4.893761157989502,
      1,
      1706895314.7664099,
      1706895319.660852,
      {}
    ],
    [
      6,
      null,
      209652396,
      null,
      [
        0.021460914692228883,
        0.023340961098398172
      ],
      0.7724082469940186,
      1,
      1706895319.9253068,
      1706895320.6982772,
      {}
    ],
    [
      7,
      null,
      209652396,
      null,
      [
        0.005230806984342293,
        0.17697841726618707
      ],
      21.24220299720764,
      1,
      1706895320.701681,
      1706895341.944544,
      {}
    ],
    [
      8,
      null,
      209652396,
      null,
      [
        0.028379966432874507,
        0.12051696284329566
      ],
      4.747582912445068,
      1,
      1706895341.948879,
      1706895346.69713,
      {}
    ],
    [
      9,
      null,
      209652396,
      null,
      [
        0.027800785578004264,
        0.13983739837398373
      ],
      1.0492610931396484,
      1,
      1706895346.701448,
      1706895347.751331,
      {}
    ],
    [
      10,
      null,
      209652396,
      null,
      [
        0.0181734346294508,
        0.3301927194860813
      ],
      0.18903303146362305,
      1,
      1706895347.755699,
      1706895347.94533,
      {}
    ],
    [
      11,
      null,
      209652396,
      null,
      [
        0.03313992821067269,
        0.034050880626223134
      ],
      0.256328821182251,
      1,
      1706895347.949435,
      1706895348.206337,
      {}
    ],
    [
      12,
      null,
      209652396,
      null,
      [
        0.1567577627755269,
        0.007991587802313349
      ],
      0.11309480667114258,
      1,
      1706895348.21067,
      1706895348.3243651,
      {}
    ],
    [
      13,
      null,
      209652396,
      null,
      [
        0.007390659040544485,
        0.24779874213836472
      ],
      0.36102986335754395,
      1,
      1706895348.329029,
      1706895348.6906219,
      {}
    ],
    [
      14,
      null,
      209652396,
      null,
      [
        0.027960141235413308,
        0.0581430745814307
      ],
      0.933466911315918,
      1,
      1706895349.2573671,
      1706895350.1914072,
      {}
    ],
    [
      15,
      null,
      209652396,
      null,
      [
        0.05144279351012093,
        0.19240506329113927
      ],
      0.5743048191070557,
      1,
      1706895350.196518,
      1706895350.7714071,
      {}
    ],
    [
      16,
      null,
      209652396,
      null,
      [
        0.06736946610980314,
        0.200235017626322
      ],
      0.6228761672973633,
      1,
      1706895350.776352,
      1706895351.399863,
      {}
    ],
    [
      17,
      null,
      209652396,
      null,
      [
        0.024927377430421352,
        0.4063754427390791
      ],
      0.10530829429626465,
      1,
      1706895351.404872,
      1706895351.510774,
      {}
    ],
    [
      18,
      null,
      209652396,
      null,
      [
        0.04406975553685126,
        0.0323809523809524
      ],
      0.2222919464111328,
      1,
      1706895351.515674,
      1706895351.738524,
      {}
    ],
    [
      19,
      null,
      209652396,
      null,
      [
        0.032899528810833176,
        0.04970645792563605
      ],
      0.5291006565093994,
      1,
      1706895351.743495,
      1706895352.2731571,
      {}
    ],
    [
      20,
      null,
      209652396,
      null,
      [
        0.046365681486096946,
        0.1747747747747748
      ],
      0.36875391006469727,
      1,
      1706895352.278346,
      1706895352.647663,
      {}
    ]
  ],
  "configs": {
    "1": {
      "choice": 0.27420973585918546,
      "duplicate": 0,
      "loop": 0.6243590484932066,
      "lt_dependency": 0.11643280289135872,
      "mode": 12,
      "num_traces": 876,
      "or": 0,
      "parallel": 0.5005605065450072,
      "sequence": 0.9603757594153285,
      "silent": 0.9968127990048379
    },
    "2": {
      "choice": 0.7756838992610574,
      "duplicate": 0,
      "loop": 0.04211317901499569,
      "lt_dependency": 0.5104543915577233,
      "mode": 28,
      "num_traces": 324,
      "or": 0,
      "parallel": 0.5131619844958186,
      "sequence": 0.2709401994291693,
      "silent": 0.17004768340848386
    },
    "3": {
      "choice": 0.6535194861143827,
      "duplicate": 0,
      "loop": 0.9576082275714726,
      "lt_dependency": 0.32692241824232043,
      "mode": 21,
      "num_traces": 396,
      "or": 0,
      "parallel": 0.7672931762319058,
      "sequence": 0.6588770150579513,
      "silent": 0.4562873648200184
    },
    "4": {
      "choice": 0.16388946956023576,
      "duplicate": 0,
      "loop": 0.39516660073772075,
      "lt_dependency": 0.7955099861510098,
      "mode": 36,
      "num_traces": 745,
      "or": 0,
      "parallel": 0.25395125332288443,
      "sequence": 0.07748097266070544,
      "silent": 0.6486980180162937
    },
    "5": {
      "choice": 0.04490061519667506,
      "duplicate": 0,
      "loop": 0.8006045478861779,
      "lt_dependency": 0.6931793973967433,
      "mode": 32,
      "num_traces": 607,
      "or": 0,
      "parallel": 0.2829401990491897,
      "sequence": 0.520932387933135,
      "silent": 0.3123690354358405
    },
    "6": {
      "choice": 0.06342124113511252,
      "duplicate": 0,
      "loop": 0.6735578512404355,
      "lt_dependency": 0.11643280289135872,
      "mode": 13,
      "num_traces": 874,
      "or": 0,
      "parallel": 0.4086562126472086,
      "sequence": 0.9603757594153285,
      "silent": 0.9953457748319322
    },
    "7": {
      "choice": 0.06584373030334086,
      "duplicate": 0,
      "loop": 0.39516660073772075,
      "lt_dependency": 0.8431032777890876,
      "mode": 34,
      "num_traces": 695,
      "or": 0,
      "parallel": 0.06663579235967616,
      "sequence": 0.08205778292329723,
      "silent": 0.6486980180162937
    },
    "8": {
      "choice": 0.06169540718664156,
      "duplicate": 0,
      "loop": 0.7569063788776854,
      "lt_dependency": 0.8165958779976242,
      "mode": 33,
      "num_traces": 619,
      "or": 0,
      "parallel": 0.2829401990491897,
      "sequence": 0.5250967170220803,
      "silent": 0.3123690354358405
    },
    "9": {
      "choice": 0.6280923154394527,
      "duplicate": 0,
      "loop": 0.9534107664272431,
      "lt_dependency": 0.0664281660637679,
      "mode": 13,
      "num_traces": 492,
      "or": 0,
      "parallel": 0.36591282156804816,
      "sequence": 0.35548339390893335,
      "silent": 0.7390106472527616
    },
    "10": {
      "choice": 0.4783724577157074,
      "duplicate": 0,
      "loop": 0.0963042294389655,
      "lt_dependency": 0.5050171965687928,
      "mode": 11,
      "num_traces": 934,
      "or": 0,
      "parallel": 0.2083503430277078,
      "sequence": 0.23810645926043633,
      "silent": 0.8803729757923379
    },