{
  "incumbent_ids": [
    2
  ],
  "rejected_config_ids": [
    1
  ],
  "incumbents_changed": 2,
  "trajectory": [
    {
      "config_ids": [
        1
      ],
      "costs": [
        [
          0.3928906462173734,
          0.4212328767123288
        ]
      ],
      "trial": 1,
      "walltime": 131.07486510276794
    },
    {
      "config_ids": [
        2
      ],
      "costs": [
        [
          0.2956293937700202,
          0.039860139860139865
        ]
      ],
      "trial": 2,
      "walltime": 138.9053659439087
    }
  ],
  "state": {
    "queue": [
      [
        3,
        1
      ]
    ]
  }
}