{
  "stats": {
    "submitted": 3,
    "finished": 2,
    "running": 1
  },
  "data": [
    [
      1,
      null,
      209652396,
      null,
      [
        0.3928906462173734,
        0.4212328767123288
      ],
      130.79924297332764,
      1,
      1707305246.1654441,
      1707305377.00825,
      {}
    ],
    [
      2,
      null,
      209652396,
      null,
      [
        0.2956293937700202,
        0.039860139860139865
      ],
      1.7248311042785645,
      1,
      1707305383.088081,
      1707305384.8506591,
      {}
    ],
    [
      3,
      null,
      209652396,
      null,
      2147483647.0,
      0.0,
      0,
      0.0,
      0.0,
      {}
    ]
  ],
  "configs": {
    "1": {
      "choice": 0.27420973585918546,
      "duplicate": 0,
      "loop": 0.6243590484932066,
      "lt_dependency": 0.11643280289135872,
      "mode": 12,
      "num_traces": 876,
      "or": 0,
      "parallel": 0.5005605065450072,
      "sequence": 0.9603757594153285,
      "silent": 0.9968127990048379
    },
    "2": {
      "choice": 0.892855270774259,
      "duplicate": 0,
      "loop": 0.09625800670452529,
      "lt_dependency": 0.7827238845235909,
      "mode": 32,
      "num_traces": 715,
      "or": 0,
      "parallel": 0.1376370346783048,
      "sequence": 0.1696964227061463,
      "silent": 0.14680112183512767
    },
    "3": {
      "choice": 0.7180374727086953,
      "duplicate": 0,
      "loop": 0.38960710363751994,
      "lt_dependency": 0.8342936470924586,
      "mode": 28,
      "num_traces": 612,
      "or": 0,
      "parallel": 0.442661634261348,
      "sequence": 0.3700736632331964,
      "silent": 0.2607586865143843
    }
  },
  "config_origins": {
    "1": "Initial Design: Sobol",
    "2": "Acquisition Function Maximizer: Random Search (sorted)",
    "3": "Acquisition Function Maximizer: Random Search (sorted)"
  }
}