{
  "stats": {
    "submitted": 20,
    "finished": 20,
    "running": 0
  },
  "data": [
    [
      1,
      null,
      209652396,
      null,
      [
        0.021995850578885534,
        0.21438356164383596
      ],
      1.4827690124511719,
      1,
      1707414714.452437,
      1707414715.935932,
      {}
    ],
    [
      2,
      null,
      209652396,
      null,
      [
        0.050692012979840495,
        0.24753086419753123
      ],
      0.04356098175048828,
      1,
      1707414715.938014,
      1707414715.982254,
      {}
    ],
    [
      3,
      null,
      209652396,
      null,
      [
        0.011952105664601143,
        0.025757575757575424
      ],
      0.9624788761138916,
      1,
      1707414715.984035,
      1707414716.947136,
      {}
    ],
    [
      4,
      null,
      209652396,
      null,
      [
        0.051425093140271216,
        0.023937360178970586
      ],
      5.973065137863159,
      1,
      1707414716.949394,
      1707414722.923167,
      {}
    ],
    [
      5,
      null,
      209652396,
      null,
      [
        0.019473638577119923,
        0.031685886875342885
      ],
      3.0697808265686035,
      1,
      1707414722.925749,
      1707414725.9961941,
      {}
    ],
    [
      6,
      null,
      209652396,
      null,
      [
        0.09976366961793076,
        0.22051282051282084
      ],
      7.423833847045898,
      1,
      1707414726.264723,
      1707414733.689158,
      {}
    ],
    [
      7,
      null,
      209652396,
      null,
      [
        0.050203910172759825,
        0.023232323232322896
      ],
      0.2931489944458008,
      1,
      1707414733.691988,
      1707414733.985783,
      {}
    ],
    [
      8,
      null,
      209652396,
      null,
      [
        0.0066676304122306185,
        0.008431629532546631
      ],
      1.4699268341064453,
      1,
      1707414733.9887822,
      1707414735.4593332,
      {}
    ],
    [
      9,
      null,
      209652396,
      null,
      [
        0.011359428332056387,
        0.04393939393939427
      ],
      0.3719358444213867,
      1,
      1707414735.462142,
      1707414735.834734,
      {}
    ],
    [
      10,
      null,
      209652396,
      null,
      [
        0.057411013997985316,
        0.013763861709066856
      ],
      0.31470322608947754,
      1,
      1707414735.837353,
      1707414736.152672,
      {}
    ],
    [
      11,
      null,
      209652396,
      null,
      [
        0.00131661136004102,
        0.013465783664458827
      ],
      0.14581680297851562,
      1,
      1707414736.1553779,
      1707414736.301795,
      {}
    ],
    [
      12,
      null,
      209652396,
      null,
      [
        0.024878746614406144,
        0.02598039215686241
      ],
      1.232396125793457,
      1,
      1707414736.304818,
      1707414737.537814,
      {}
    ],
    [
      13,
      null,
      209652396,
      null,
      [
        0.04362175748296693,
        0.01961382113821105
      ],
      0.6279511451721191,
      1,
      1707414737.541069,
      1707414738.169632,
      {}
    ],
    [
      14,
      null,
      209652396,
      null,
      [
        0.15825260909789374,
        0.24638694638694675
      ],
      0.027608156204223633,
      1,
      1707414738.737319,
      1707414738.765486,
      {}
    ],
    [
      15,
      null,
      209652396,
      null,
      [
        0.031046519879211643,
        0.006122448979591504
      ],
      0.24065017700195312,
      1,
      1707414738.768807,
      1707414739.010037,
      {}
    ],
    [
      16,
      null,
      209652396,
      null,
      [
        0.06918460101802493,
        0.024324324324323993
      ],
      0.10778212547302246,
      1,
      1707414739.013845,
      1707414739.1222131,
      {}
    ],
    [
      17,
      null,
      209652396,
      null,
      [
        0.025182657727776614,
        0.006401766004415346
      ],
      0.07995009422302246,
      1,
      1707414739.1261141,
      1707414739.206634,
      {}
    ],
    [
      18,
      null,
      209652396,
      null,
      [
        0.1438108386456594,
        0.017829457364340752
      ],
      1.0305540561676025,
      1,
      1707414739.2110562,
      1707414740.242198,
      {}
    ],
    [
      19,
      null,
      209652396,
      null,
      [
        0.046397163627736715,
        0.02520325203251999
      ],
      0.14092588424682617,
      1,
      1707414740.2469509,
      1707414740.3884711,
      {}
    ],
    [
      20,
      null,
      209652396,
      null,
      [
        0.00862674535288599,
        0.21891891891891924
      ],
      0.04884696006774902,
      1,
      1707414740.3933,
      1707414740.44272,
      {}
    ]
  ],
  "configs": {
    "1": {
      "choice": 0.27420973585918546,
      "duplicate": 0,
      "loop": 0.6243590484932066,
      "lt_dependency": 0.11643280289135872,
      "mode": 12,
      "num_traces": 876,
      "or": 0,
      "parallel": 0.5005605065450072,
      "sequence": 0.9603757594153285,
      "silent": 0.9968127990048379
    },
    "2": {
      "choice": 0.7756838992610574,
      "duplicate": 0,
      "loop": 0.04211317901499569,
      "lt_dependency": 0.5104543915577233,
      "mode": 28,
      "num_traces": 324,
      "or": 0,
      "parallel": 0.5131619844958186,
      "sequence": 0.2709401994291693,
      "silent": 0.17004768340848386
    },
    "3": {
      "choice": 0.6535194861143827,
      "duplicate": 0,
      "loop": 0.9576082275714726,
      "lt_dependency": 0.32692241824232043,
      "mode": 21,
      "num_traces": 396,
      "or": 0,
      "parallel": 0.7672931762319058,
      "sequence": 0.6588770150579513,
      "silent": 0.4562873648200184
    },
    "4": {
      "choice": 0.16388946956023576,
      "duplicate": 0,
      "loop": 0.39516660073772075,
      "lt_dependency": 0.7955099861510098,
      "mode": 36,
      "num_traces": 745,
      "or": 0,
      "parallel": 0.25395125332288443,
      "sequence": 0.07748097266070544,
      "silent": 0.6486980180162937
    },
    "5": {
      "choice": 0.04490061519667506,
      "duplicate": 0,
      "loop": 0.8006045478861779,
      "lt_dependency": 0.6931793973967433,
      "mode": 32,
      "num_traces": 607,
      "or": 0,
      "parallel": 0.2829401990491897,
      "sequence": 0.520932387933135,
      "silent": 0.3123690354358405
    },
    "6": {
      "choice": 0.04490061519667506,
      "duplicate": 0,
      "loop": 0.8596379275515403,
      "lt_dependency": 0.504773291471888,
      "mode": 34,
      "num_traces": 520,
      "or": 0,
      "parallel": 0.2681298327073788,
      "sequence": 0.4599699355884353,
      "silent": 0.3123690354358405
    },
    "7": {
      "choice": 0.735365856090763,
      "duplicate": 0,
      "loop": 0.9576082275714726,
      "lt_dependency": 0.4065935933391913,
      "mode": 13,
      "num_traces": 396,
      "or": 0,
      "parallel": 0.7022561426459696,
      "sequence": 0.6588770150579513,
      "silent": 0.4562873648200184
    },
    "8": {
      "choice": 0.04593072747629622,
      "duplicate": 0,
      "loop": 0.9383286651685336,
      "lt_dependency": 0.08376093827825087,
      "mode": 13,
      "num_traces": 763,
      "or": 0,
      "parallel": 0.49090845924291926,
      "sequence": 0.9604331276311273,
      "silent": 0.9593432366179799
    },
    "9": {
      "choice": 0.4790152430147922,
      "duplicate": 0,
      "loop": 0.9923926055451198,
      "lt_dependency": 0.03001621346592246,
      "mode": 6,
      "num_traces": 660,
      "or": 0,
      "parallel": 0.33870262056425604,
      "sequence": 0.26457471657327697,
      "silent": 0.6588933952694039
    },
    "10": {
      "choice": 0.5533253688880515,
      "duplicate": 0,
      "loop": 0.964026132896019,
      "lt_dependency": 0.03001621346592246,
      "mode": 9,
      "num_traces": 511,
      "or": 0,
      "parallel": 0.36591282156804816,
      "sequence": 0.322274067414942,