{
  "stats": {
    "submitted": 1,
    "finished": 0,
    "running": 1
  },
  "data": [
    [
      1,
      null,
      209652396,
      null,
      2147483647.0,
      0.0,
      0,
      0.0,
      0.0,
      {}
    ]
  ],
  "configs": {
    "1": {
      "choice": 0.27420973585918546,
      "duplicate": 0,
      "loop": 0.6243590484932066,
      "lt_dependency": 0.11643280289135872,
      "mode": 12,
      "num_traces": 876,
      "or": 0,
      "parallel": 0.5005605065450072,
      "sequence": 0.9603757594153285,
      "silent": 0.9968127990048379
    }
  },
  "config_origins": {
    "1": "Initial Design: Sobol"
  }
}