{
  "stats": {
    "submitted": 20,
    "finished": 20,
    "running": 0
  },
  "data": [
    [
      1,
      null,
      209652396,
      null,
      [
        0.7409667156045552,
        0.013818029021072473
      ],
      1.5583558082580566,
      1,
      1707394308.04119,
      1707394309.6002629,
      {}
    ],
    [
      2,
      null,
      209652396,
      null,
      [
        0.406069032533356,
        0.12973413975974876
      ],
      0.06050705909729004,
      1,
      1707394309.60184,
      1707394309.662973,
      {}
    ],
    [
      3,
      null,
      209652396,
      null,
      [
        0.7652160583470485,
        0.02822844702816034
      ],
      0.9661011695861816,
      1,
      1707394309.665131,
      1707394310.631867,
      {}
    ],
    [
      4,
      null,
      209652396,
      null,
      [
        0.3687378534795819,
        0.0465980262639109
      ],
      1.8282558917999268,
      1,
      1707394310.634502,
      1707394312.463416,
      {}
    ],
    [
      5,
      null,
      209652396,
      null,
      [
        0.7192414856014708,
        0.02660210041397204
      ],
      5.520694732666016,
      1,
      1707394312.4668102,
      1707394317.9882722,
      {}
    ],
    [
      6,
      null,
      209652396,
      null,
      [
        0.5016237595198504,
        0.05299473972346927
      ],
      2.0160071849823,
      1,
      1707394318.2670898,
      1707394320.283745,
      {}
    ],
    [
      7,
      null,
      209652396,
      null,
      [
        0.19604644422475304,
        0.014570894562186243
      ],
      0.18935894966125488,
      1,
      1707394320.287316,
      1707394320.4773288,
      {}
    ],
    [
      8,
      null,
      209652396,
      null,
      [
        0.5931513748144751,
        0.014166555767400918
      ],
      2.7039198875427246,
      1,
      1707394320.480889,
      1707394323.1854799,
      {}
    ],
    [
      9,
      null,
      209652396,
      null,
      [
        0.2387494693804596,
        0.032496123520043094
      ],
      0.06619620323181152,
      1,
      1707394323.198743,
      1707394323.265613,
      {}
    ],
    [
      10,
      null,
      209652396,
      null,
      [
        0.4230905860883909,
        0.04496343008504433
      ],
      0.6548070907592773,
      1,
      1707394323.2705972,
      1707394323.926103,
      {}
    ],
    [
      11,
      null,
      209652396,
      null,
      [
        0.7105253153001412,
        0.017171777131456747
      ],
      2.9984591007232666,
      1,
      1707394323.930072,
      1707394326.929179,
      {}
    ],
    [
      12,
      null,
      209652396,
      null,
      [
        0.5986787970074445,
        0.009873615811300127
      ],
      1.9551949501037598,
      1,
      1707394326.933472,
      1707394328.889334,
      {}
    ],
    [
      13,
      null,
      209652396,
      null,
      [
        0.5346374011122399,
        0.00012013786729132836
      ],
      0.32721567153930664,
      1,
      1707394328.8936892,
      1707394329.221557,
      {}
    ],
    [
      14,
      null,
      209652396,
      null,
      [
        0.1409318146360532,
        0.06381662407841371
      ],
      0.21326017379760742,
      1,
      1707394329.8033862,
      1707394330.0172539,
      {}
    ],
    [
      15,
      null,
      209652396,
      null,
      [
        0.20025254306807583,
        0.09126632307695004
      ],
      0.0440828800201416,
      1,
      1707394330.021694,
      1707394330.066415,
      {}
    ],
    [
      16,
      null,
      209652396,
      null,
      [
        0.5226820223347517,
        0.04020744156694606
      ],
      0.6252107620239258,
      1,
      1707394330.070867,
      1707394330.696697,
      {}
    ],
    [
      17,
      null,
      209652396,
      null,
      [
        0.2351851457730325,
        0.06604615760649074
      ],
      0.16556310653686523,
      1,
      1707394330.701181,
      1707394330.8673558,
      {}
    ],
    [
      18,
      null,
      209652396,
      null,
      [
        0.2900315206625108,
        0.08855923431958934
      ],
      0.06823420524597168,
      1,
      1707394330.8718479,
      1707394330.9406831,
      {}
    ],
    [
      19,
      null,
      209652396,
      null,
      [
        0.2759829830229701,
        0.09368924600503539
      ],
      0.28237009048461914,
      1,
      1707394330.945102,
      1707394331.228072,
      {}
    ],
    [
      20,
      null,
      209652396,
      null,
      [
        0.2755218186528089,
        0.07778034277112415
      ],
      0.017032861709594727,
      1,
      1707394331.232607,
      1707394331.250203,
      {}
    ]
  ],
  "configs": {
    "1": {
      "choice": 0.27420973585918546,
      "duplicate": 0,
      "loop": 0.6243590484932066,
      "lt_dependency": 0.11643280289135872,
      "mode": 12,
      "num_traces": 876,
      "or": 0,
      "parallel": 0.5005605065450072,
      "sequence": 0.9603757594153285,
      "silent": 0.9968127990048379
    },
    "2": {
      "choice": 0.7756838992610574,
      "duplicate": 0,
      "loop": 0.04211317901499569,
      "lt_dependency": 0.5104543915577233,
      "mode": 28,
      "num_traces": 324,
      "or": 0,
      "parallel": 0.5131619844958186,
      "sequence": 0.2709401994291693,
      "silent": 0.17004768340848386
    },
    "3": {
      "choice": 0.6535194861143827,
      "duplicate": 0,
      "loop": 0.9576082275714726,
      "lt_dependency": 0.32692241824232043,
      "mode": 21,
      "num_traces": 396,
      "or": 0,
      "parallel": 0.7672931762319058,
      "sequence": 0.6588770150579513,
      "silent": 0.4562873648200184
    },
    "4": {
      "choice": 0.16388946956023576,
      "duplicate": 0,
      "loop": 0.39516660073772075,
      "lt_dependency": 0.7955099861510098,
      "mode": 36,
      "num_traces": 745,
      "or": 0,
      "parallel": 0.25395125332288443,
      "sequence": 0.07748097266070544,
      "silent": 0.6486980180162937
    },
    "5": {
      "choice": 0.04490061519667506,
      "duplicate": 0,
      "loop": 0.8006045478861779,
      "lt_dependency": 0.6931793973967433,
      "mode": 32,
      "num_traces": 607,
      "or": 0,
      "parallel": 0.2829401990491897,
      "sequence": 0.520932387933135,
      "silent": 0.3123690354358405
    },
    "6": {
      "choice": 0.16388946956023576,
      "duplicate": 0,
      "loop": 0.3058068300985906,
      "lt_dependency": 0.7955099861510098,
      "mode": 36,
      "num_traces": 745,
      "or": 0,
      "parallel": 0.017007838843328384,
      "sequence": 0.02274469416575453,
      "silent": 0.657182109710616
    },
    "7": {
      "choice": 0.482678610070553,
      "duplicate": 0,
      "loop": 0.14667870562149082,
      "lt_dependency": 0.5591585082564076,
      "mode": 12,
      "num_traces": 951,
      "or": 0,
      "parallel": 0.20862668816101457,
      "sequence": 0.13483180746713577,
      "silent": 0.6217174667043367
    },
    "8": {
      "choice": 0.12560066583647397,
      "duplicate": 0,
      "loop": 0.8006045478861779,
      "lt_dependency": 0.740772689034821,
      "mode": 36,
      "num_traces": 654,
      "or": 0,
      "parallel": 0.1919877287740176,
      "sequence": 0.5270614155352041,
      "silent": 0.5375140683531742
    },
    "9": {
      "choice": 0.9796713686943193,
      "duplicate": 0,
      "loop": 0.07633626191362568,
      "lt_dependency": 0.729751294757111,
      "mode": 36,
      "num_traces": 624,
      "or": 0,
      "parallel": 0.1290538213284118,
      "sequence": 0.10231998853938061,
      "silent": 0.14680112183512767
    },
    "10": {
      "choice": 0.23287394825755833,
      "duplicate": 0,
      "loop": 0.6119264341914251,
      "lt_dependency": 0.08991472136295077,
      "mode": 15,
      "num_traces": 901,
      "or": 0,
      "parallel": 0.27697628779412914,
      "sequence": 0.9693963766235503,
      "silent": 0.9991359723536305
    },