{
  "stats": {
    "submitted": 20,
    "finished": 20,
    "running": 0
  },
  "data": [
    [
      1,
      null,
      209652396,
      null,
      [
        0.021995850578885534,
        0.21438356164383596
      ],
      1.461181879043579,
      1,
      1707414850.661464,
      1707414852.1232839,
      {}
    ],
    [
      2,
      null,
      209652396,
      null,
      [
        0.050692012979840495,
        0.24753086419753123
      ],
      0.04327225685119629,
      1,
      1707414852.1252952,
      1707414852.169245,
      {}
    ],
    [
      3,
      null,
      209652396,
      null,
      [
        0.011952105664601143,
        0.025757575757575424
      ],
      0.9554448127746582,
      1,
      1707414852.171038,
      1707414853.1270988,
      {}
    ],
    [
      4,
      null,
      209652396,
      null,
      [
        0.051425093140271216,
        0.023937360178970586
      ],
      5.998239994049072,
      1,
      1707414853.129411,
      1707414859.128351,
      {}
    ],
    [
      5,
      null,
      209652396,
      null,
      [
        0.019473638577119923,
        0.031685886875342885
      ],
      3.1131911277770996,
      1,
      1707414859.13126,
      1707414862.245184,
      {}
    ],
    [
      6,
      null,
      209652396,
      null,
      [
        0.09976366961793076,
        0.22051282051282084
      ],
      7.439263105392456,
      1,
      1707414862.512131,
      1707414869.9520159,
      {}
    ],
    [
      7,
      null,
      209652396,
      null,
      [
        0.050203910172759825,
        0.023232323232322896
      ],
      0.29241275787353516,
      1,
      1707414869.9549172,
      1707414870.2479548,
      {}
    ],
    [
      8,
      null,
      209652396,
      null,
      [
        0.0066676304122306185,
        0.008431629532546631
      ],
      1.4386279582977295,
      1,
      1707414870.251115,
      1707414871.690389,
      {}
    ],
    [
      9,
      null,
      209652396,
      null,
      [
        0.011359428332056387,
        0.04393939393939427
      ],
      0.3727278709411621,
      1,
      1707414871.6930912,
      1707414872.066446,
      {}
    ],
    [
      10,
      null,
      209652396,
      null,
      [
        0.057411013997985316,
        0.013763861709066856
      ],
      0.3169529438018799,
      1,
      1707414872.0690281,
      1707414872.386585,
      {}
    ],
    [
      11,
      null,
      209652396,
      null,
      [
        0.00131661136004102,
        0.013465783664458827
      ],
      0.14753293991088867,
      1,
      1707414872.389257,
      1707414872.537376,
      {}
    ],
    [
      12,
      null,
      209652396,
      null,
      [
        0.024878746614406144,
        0.02598039215686241
      ],
      1.242903709411621,
      1,
      1707414872.540509,
      1707414873.7840261,
      {}
    ],
    [
      13,
      null,
      209652396,
      null,
      [
        0.04362175748296693,
        0.01961382113821105
      ],
      0.6295697689056396,
      1,
      1707414873.7872791,
      1707414874.417451,
      {}
    ],
    [
      14,
      null,
      209652396,
      null,
      [
        0.15825260909789374,
        0.24638694638694675
      ],
      0.027698278427124023,
      1,
      1707414874.984409,
      1707414875.0126772,
      {}
    ],
    [
      15,
      null,
      209652396,
      null,
      [
        0.031046519879211643,
        0.006122448979591504
      ],
      0.2422349452972412,
      1,
      1707414875.0160372,
      1707414875.258849,
      {}
    ],
    [
      16,
      null,
      209652396,
      null,
      [
        0.06918460101802493,
        0.024324324324323993
      ],
      0.10933780670166016,
      1,
      1707414875.262651,
      1707414875.3725781,
      {}
    ],
    [
      17,
      null,
      209652396,
      null,
      [
        0.025182657727776614,
        0.006401766004415346
      ],
      0.08011078834533691,
      1,
      1707414875.3767521,
      1707414875.457453,
      {}
    ],
    [
      18,
      null,
      209652396,
      null,
      [
        0.1438108386456594,
        0.017829457364340752
      ],
      1.0388538837432861,
      1,
      1707414875.461888,
      1707414876.501369,
      {}
    ],
    [
      19,
      null,
      209652396,
      null,
      [
        0.046397163627736715,
        0.02520325203251999
      ],
      0.14139699935913086,
      1,
      1707414876.5062342,
      1707414876.6482391,
      {}
    ],
    [
      20,
      null,
      209652396,
      null,
      [
        0.00862674535288599,
        0.21891891891891924
      ],
      0.04899907112121582,
      1,
      1707414876.6530821,
      1707414876.702653,
      {}
    ]
  ],
  "configs": {
    "1": {
      "choice": 0.27420973585918546,
      "duplicate": 0,
      "loop": 0.6243590484932066,
      "lt_dependency": 0.11643280289135872,
      "mode": 12,
      "num_traces": 876,
      "or": 0,
      "parallel": 0.5005605065450072,
      "sequence": 0.9603757594153285,
      "silent": 0.9968127990048379
    },
    "2": {
      "choice": 0.7756838992610574,
      "duplicate": 0,
      "loop": 0.04211317901499569,
      "lt_dependency": 0.5104543915577233,
      "mode": 28,
      "num_traces": 324,
      "or": 0,
      "parallel": 0.5131619844958186,
      "sequence": 0.2709401994291693,
      "silent": 0.17004768340848386
    },
    "3": {
      "choice": 0.6535194861143827,
      "duplicate": 0,
      "loop": 0.9576082275714726,
      "lt_dependency": 0.32692241824232043,
      "mode": 21,
      "num_traces": 396,
      "or": 0,
      "parallel": 0.7672931762319058,
      "sequence": 0.6588770150579513,
      "silent": 0.4562873648200184
    },
    "4": {
      "choice": 0.16388946956023576,
      "duplicate": 0,
      "loop": 0.39516660073772075,
      "lt_dependency": 0.7955099861510098,
      "mode": 36,
      "num_traces": 745,
      "or": 0,
      "parallel": 0.25395125332288443,
      "sequence": 0.07748097266070544,
      "silent": 0.6486980180162937
    },
    "5": {
      "choice": 0.04490061519667506,
      "duplicate": 0,
      "loop": 0.8006045478861779,
      "lt_dependency": 0.6931793973967433,
      "mode": 32,
      "num_traces": 607,
      "or": 0,
      "parallel": 0.2829401990491897,
      "sequence": 0.520932387933135,
      "silent": 0.3123690354358405
    },
    "6": {
      "choice": 0.04490061519667506,
      "duplicate": 0,
      "loop": 0.8596379275515403,
      "lt_dependency": 0.504773291471888,
      "mode": 34,
      "num_traces": 520,
      "or": 0,
      "parallel": 0.2681298327073788,
      "sequence": 0.4599699355884353,
      "silent": 0.3123690354358405
    },
    "7": {
      "choice": 0.735365856090763,
      "duplicate": 0,
      "loop": 0.9576082275714726,
      "lt_dependency": 0.4065935933391913,
      "mode": 13,
      "num_traces": 396,
      "or": 0,
      "parallel": 0.7022561426459696,
      "sequence": 0.6588770150579513,
      "silent": 0.4562873648200184
    },
    "8": {
      "choice": 0.04593072747629622,
      "duplicate": 0,
      "loop": 0.9383286651685336,
      "lt_dependency": 0.08376093827825087,
      "mode": 13,
      "num_traces": 763,
      "or": 0,
      "parallel": 0.49090845924291926,
      "sequence": 0.9604331276311273,
      "silent": 0.9593432366179799
    },
    "9": {
      "choice": 0.4790152430147922,
      "duplicate": 0,
      "loop": 0.9923926055451198,
      "lt_dependency": 0.03001621346592246,
      "mode": 6,
      "num_traces": 660,
      "or": 0,
      "parallel": 0.33870262056425604,
      "sequence": 0.26457471657327697,
      "silent": 0.6588933952694039
    },
    "10": {
      "choice": 0.5533253688880515,
      "duplicate": 0,
      "loop": 0.964026132896019,
      "lt_dependency": 0.03001621346592246,
      "mode": 9,
      "num_traces": 511,
      "or": 0,
      "parallel": 0.36591282156804816,
      "sequence": 0.322274067414942,