{
  "incumbent_ids": [
    1,
    2
  ],
  "rejected_config_ids": [],
  "incumbents_changed": 2,
  "trajectory": [
    {
      "config_ids": [
        1
      ],
      "costs": [
        [
          0.15546640574037812,
          0.15394249924710085
        ]
      ],
      "trial": 1,
      "walltime": 11.381165027618408
    },
    {
      "config_ids": [
        1,
        2
      ],
      "costs": [
        [
          0.15546640574037812,
          0.15394249924710085
        ],
        [
          0.2195870795870798,
          0.12725611345206694
        ]
      ],
      "trial": 2,
      "walltime": 11.749190092086792
    }
  ],
  "state": {
    "queue": [
      [
        2,
        1
      ]
    ]
  }
}