{
  "stats": {
    "submitted": 2,
    "finished": 2,
    "running": 0
  },
  "data": [
    [
      1,
      null,
      209652396,
      null,
      [
        0.15546640574037812,
        0.15394249924710085
      ],
      11.37925386428833,
      1,
      1707659527.928114,
      1707659539.308158,
      {}
    ],
    [
      2,
      null,
      209652396,
      null,
      [
        0.2195870795870798,
        0.12725611345206694
      ],
      0.23054289817810059,
      1,
      1707659539.444712,
      1707659539.675906,
      {}
    ]
  ],
  "configs": {
    "1": {
      "choice": 0.27420973585918546,
      "duplicate": 0,
      "loop": 0.6243590484932066,
      "lt_dependency": 0.11643280289135872,
      "mode": 46,
      "num_traces": 876,
      "or": 0,
      "parallel": 0.5005605065450072,
      "sequence": 0.9603757594153285,
      "silent": 0.9968127990048379
    },
    "2": {
      "choice": 0.892855270774259,
      "duplicate": 0,
      "loop": 0.09625800670452529,
      "lt_dependency": 0.7827238845235909,
      "mode": 156,
      "num_traces": 715,
      "or": 0,
      "parallel": 0.1376370346783048,
      "sequence": 0.1696964227061463,
      "silent": 0.14680112183512767
    }
  },
  "config_origins": {
    "1": "Initial Design: Sobol",
    "2": "Acquisition Function Maximizer: Random Search (sorted)"
  }
}