{
  "incumbent_ids": [
    1,
    2
  ],
  "rejected_config_ids": [],
  "incumbents_changed": 2,
  "trajectory": [
    {
      "config_ids": [
        1
      ],
      "costs": [
        [
          0.15521995849967804,
          0.9880276200022274
        ]
      ],
      "trial": 1,
      "walltime": 124.45348501205444
    },
    {
      "config_ids": [
        1,
        2
      ],
      "costs": [
        [
          0.15521995849967804,
          0.9880276200022274
        ],
        [
          0.09052799504097683,
          0.9972027972027973
        ]
      ],
      "trial": 2,
      "walltime": 132.19757390022278
    }
  ],
  "state": {
    "queue": [
      [
        3,
        1
      ]
    ]
  }
}